country,value,unit,website,date_of_page,date_of_scrape,Source,Status
Brunei,1.295,dollar,https://www.imf.org/external/np/fin/data/rms_mth.aspx?SelectDate=2026-07-31&reportType=REP,2026-07-05,2026-07-06,IMF,Mid-point
China,6.7878,yuan,https://www.imf.org/external/np/fin/data/rms_mth.aspx?SelectDate=2026-07-31&reportType=REP,2026-07-05,2026-07-06,IMF,Mid-point
India,95.2731,rupee,https://www.imf.org/external/np/fin/data/rms_mth.aspx?SelectDate=2026-07-31&reportType=REP,2026-07-05,2026-07-06,IMF,Mid-point
Japan,162.58,yen,https://www.imf.org/external/np/fin/data/rms_mth.aspx?SelectDate=2026-07-31&reportType=REP,2026-07-05,2026-07-06,IMF,Mid-point
Malaysia,4.085,ringgit,https://www.imf.org/external/np/fin/data/rms_mth.aspx?SelectDate=2026-07-31&reportType=REP,2026-07-05,2026-07-06,IMF,Mid-point
Philippines,61.607,peso,https://www.imf.org/external/np/fin/data/rms_mth.aspx?SelectDate=2026-07-31&reportType=REP,2026-07-05,2026-07-06,IMF,Mid-point
Saudi Arabia,3.75,riyal,https://www.imf.org/external/np/fin/data/rms_mth.aspx?SelectDate=2026-07-31&reportType=REP,2026-07-05,2026-07-06,IMF,Mid-point
Singapore,1.295,dollar,https://www.imf.org/external/np/fin/data/rms_mth.aspx?SelectDate=2026-07-31&reportType=REP,2026-07-05,2026-07-06,IMF,Mid-point
Thailand,33.301,baht,https://www.imf.org/external/np/fin/data/rms_mth.aspx?SelectDate=2026-07-31&reportType=REP,2026-07-05,2026-07-06,IMF,Mid-point
Hong Kong,784.3,HKD,https://www.hkab.org.hk/en/rates/exchange-rates,2026-07-05,2026-07-06,The Hong Kong Association of Banks,"buy, sell"
Cambodia,4033.0,KHR,https://www.tax.gov.kh/en/exchange-rate?for_year=2026&for_month=07,2026-07-05,2026-07-06,National Bank of Cambodia,Official Rate Riel
Lao,21925.5,LAK,https://www.bol.gov.la/en/ExchangRate,2026-07-05,2026-07-06,Bank of the lao P.D.R,"buy, sell"
Myanmar,2100.0,MMK,https://forex.cbm.gov.mm/index.php/fxrate/history,2026-07-05,2026-07-06,Central Bank of Myanmar,only one
Pakistan,278.3,PKR,https://www.nbp.com.pk/RateSheetFiles/NBP-RateSheet-03-07-2026.pdf,2026-07-05,2026-07-06,National Bank of Pakistan,buy
Vietnam,25203.0,VND,https://sbv.gov.vn/vi/t%E1%BB%B7-gi%C3%A1-tham-kh%E1%BA%A3o-gi%E1%BB%AFa-%C4%91%E1%BB%93ng-vi%E1%BB%87t-nam-v%C3%A0-c%C3%A1c-lo%E1%BA%A1i-ngo%E1%BA%A1i-t%E1%BB%87-t%E1%BA%A1i-c%E1%BB%A5c-qu%E1%BA%A3n-l%C3%BD-ngo%E1%BA%A1i-h%E1%BB%91i,2026-07-05,2026-07-06,SBV,"buy, sell"
Sri Lanka,336.0313,LKR,https://www.cbsl.gov.lk/en/rates-and-indicators/exchange-rates/daily-indicative-usd-spot-exchange-rates,2026-07-05,2026-07-06,Central Bank of Sri Lanka,only one(USD->LKR)
Egypt,48.9392,EGP,https://www.cbe.org.eg/en/economic-research/statistics/cbe-exchange-rates/historical-data,2026-07-05,2026-07-06,Central bank of Egypt (CBE),buy sell
Turkey,46.69445,TRY,https://www.tcmb.gov.tr/kurlar/202607/03072026.xml,2026-07-05,2026-07-06,Türkiye Cumhuriyet Merkez Bankası (TCMB),"Banknote(buy, sell)"
Indonesia,17994.0,IDR,https://www.bi.go.id/en/statistik/informasi-kurs/transaksi-bi/Default.aspx,2026-07-05,2026-07-06,"bank indonesia, bank sentral republik indonesia","buy, sell"
Bangladesh,122.85,BDT,https://www.bb.org.bd/en/index.php/econdata/exchangerate,2026-07-05,2026-07-06,Bangladesh Bank,"low, high (avg)"
Brunei,1.2926,dollar,https://www.imf.org/external/np/fin/data/rms_mth.aspx?SelectDate=2026-07-31&reportType=REP,2026-07-06,2026-07-07,IMF,Mid-point
China,6.7915,yuan,https://www.imf.org/external/np/fin/data/rms_mth.aspx?SelectDate=2026-07-31&reportType=REP,2026-07-06,2026-07-07,IMF,Mid-point
India,95.4346,rupee,https://www.imf.org/external/np/fin/data/rms_mth.aspx?SelectDate=2026-07-31&reportType=REP,2026-07-06,2026-07-07,IMF,Mid-point
Japan,161.57,yen,https://www.imf.org/external/np/fin/data/rms_mth.aspx?SelectDate=2026-07-31&reportType=REP,2026-07-06,2026-07-07,IMF,Mid-point
Malaysia,4.077,ringgit,https://www.imf.org/external/np/fin/data/rms_mth.aspx?SelectDate=2026-07-31&reportType=REP,2026-07-06,2026-07-07,IMF,Mid-point
Philippines,61.607,peso,https://www.imf.org/external/np/fin/data/rms_mth.aspx?SelectDate=2026-07-31&reportType=REP,2026-07-06,2026-07-07,IMF,Mid-point
Saudi Arabia,3.75,riyal,https://www.imf.org/external/np/fin/data/rms_mth.aspx?SelectDate=2026-07-31&reportType=REP,2026-07-06,2026-07-07,IMF,Mid-point
Singapore,1.2926,dollar,https://www.imf.org/external/np/fin/data/rms_mth.aspx?SelectDate=2026-07-31&reportType=REP,2026-07-06,2026-07-07,IMF,Mid-point
Thailand,33.266,baht,https://www.imf.org/external/np/fin/data/rms_mth.aspx?SelectDate=2026-07-31&reportType=REP,2026-07-06,2026-07-07,IMF,Mid-point
Hong Kong,784.325,HKD,https://www.hkab.org.hk/en/rates/exchange-rates,2026-07-06,2026-07-07,The Hong Kong Association of Banks,"buy, sell"
Cambodia,4034.0,KHR,https://www.tax.gov.kh/en/exchange-rate?for_year=2026&for_month=07,2026-07-06,2026-07-07,National Bank of Cambodia,Official Rate Riel
Lao,22532.5,LAK,https://www.bol.gov.la/en/ExchangRate,2026-07-06,2026-07-07,Bank of the lao P.D.R,"buy, sell"
Myanmar,2100.0,MMK,https://forex.cbm.gov.mm/index.php/fxrate/history,2026-07-06,2026-07-07,Central Bank of Myanmar,only one
Pakistan,278.25,PKR,https://www.nbp.com.pk/RateSheetFiles/NBP-RateSheet-06-07-2026.pdf,2026-07-06,2026-07-07,National Bank of Pakistan,buy
Vietnam,25202.0,VND,https://sbv.gov.vn/vi/t%E1%BB%B7-gi%C3%A1-tham-kh%E1%BA%A3o-gi%E1%BB%AFa-%C4%91%E1%BB%93ng-vi%E1%BB%87t-nam-v%C3%A0-c%C3%A1c-lo%E1%BA%A1i-ngo%E1%BA%A1i-t%E1%BB%87-t%E1%BA%A1i-c%E1%BB%A5c-qu%E1%BA%A3n-l%C3%BD-ngo%E1%BA%A1i-h%E1%BB%91i,2026-07-06,2026-07-07,SBV,"buy, sell"
Sri Lanka,335.2555,LKR,https://www.cbsl.gov.lk/en/rates-and-indicators/exchange-rates/daily-indicative-usd-spot-exchange-rates,2026-07-06,2026-07-07,Central Bank of Sri Lanka,only one(USD->LKR)
Egypt,48.86195,EGP,https://www.cbe.org.eg/en/economic-research/statistics/cbe-exchange-rates/historical-data,2026-07-06,2026-07-07,Central bank of Egypt (CBE),buy sell
Turkey,46.79705,TRY,https://www.tcmb.gov.tr/kurlar/202607/06072026.xml,2026-07-06,2026-07-07,Türkiye Cumhuriyet Merkez Bankası (TCMB),"Banknote(buy, sell)"
Indonesia,17960.0,IDR,https://www.bi.go.id/en/statistik/informasi-kurs/transaksi-bi/Default.aspx,2026-07-06,2026-07-07,"bank indonesia, bank sentral republik indonesia","buy, sell"
Bangladesh,122.85,BDT,https://www.bb.org.bd/en/index.php/econdata/exchangerate,2026-07-06,2026-07-07,Bangladesh Bank,"low, high (avg)"
Brunei,1.2921,dollar,https://www.imf.org/external/np/fin/data/rms_mth.aspx?SelectDate=2026-07-31&reportType=REP,2026-07-07,2026-07-08,IMF,Mid-point
China,6.7965,yuan,https://www.imf.org/external/np/fin/data/rms_mth.aspx?SelectDate=2026-07-31&reportType=REP,2026-07-07,2026-07-08,IMF,Mid-point
India,95.3138,rupee,https://www.imf.org/external/np/fin/data/rms_mth.aspx?SelectDate=2026-07-31&reportType=REP,2026-07-07,2026-07-08,IMF,Mid-point
Japan,162.14,yen,https://www.imf.org/external/np/fin/data/rms_mth.aspx?SelectDate=2026-07-31&reportType=REP,2026-07-07,2026-07-08,IMF,Mid-point
Malaysia,4.0745,ringgit,https://www.imf.org/external/np/fin/data/rms_mth.aspx?SelectDate=2026-07-31&reportType=REP,2026-07-07,2026-07-08,IMF,Mid-point
Philippines,61.516,peso,https://www.imf.org/external/np/fin/data/rms_mth.aspx?SelectDate=2026-07-31&reportType=REP,2026-07-07,2026-07-08,IMF,Mid-point
Saudi Arabia,3.75,riyal,https://www.imf.org/external/np/fin/data/rms_mth.aspx?SelectDate=2026-07-31&reportType=REP,2026-07-07,2026-07-08,IMF,Mid-point
Singapore,1.2921,dollar,https://www.imf.org/external/np/fin/data/rms_mth.aspx?SelectDate=2026-07-31&reportType=REP,2026-07-07,2026-07-08,IMF,Mid-point
Thailand,33.24,baht,https://www.imf.org/external/np/fin/data/rms_mth.aspx?SelectDate=2026-07-31&reportType=REP,2026-07-07,2026-07-08,IMF,Mid-point
Hong Kong,784.275,HKD,https://www.hkab.org.hk/en/rates/exchange-rates,2026-07-07,2026-07-08,The Hong Kong Association of Banks,"buy, sell"
Cambodia,4035.0,KHR,https://www.tax.gov.kh/en/exchange-rate?for_year=2026&for_month=07,2026-07-07,2026-07-08,National Bank of Cambodia,Official Rate Riel
Lao,22526.0,LAK,https://www.bol.gov.la/en/ExchangRate,2026-07-07,2026-07-08,Bank of the lao P.D.R,"buy, sell"
Myanmar,2100.0,MMK,https://forex.cbm.gov.mm/index.php/fxrate/history,2026-07-07,2026-07-08,Central Bank of Myanmar,only one
Pakistan,278.25,PKR,https://www.nbp.com.pk/RateSheetFiles/NBP-RateSheet-07-07-2026.pdf,2026-07-07,2026-07-08,National Bank of Pakistan,buy
Vietnam,25202.0,VND,https://sbv.gov.vn/vi/t%E1%BB%B7-gi%C3%A1-tham-kh%E1%BA%A3o-gi%E1%BB%AFa-%C4%91%E1%BB%93ng-vi%E1%BB%87t-nam-v%C3%A0-c%C3%A1c-lo%E1%BA%A1i-ngo%E1%BA%A1i-t%E1%BB%87-t%E1%BA%A1i-c%E1%BB%A5c-qu%E1%BA%A3n-l%C3%BD-ngo%E1%BA%A1i-h%E1%BB%91i,2026-07-07,2026-07-08,SBV,"buy, sell"
Sri Lanka,334.9494,LKR,https://www.cbsl.gov.lk/en/rates-and-indicators/exchange-rates/daily-indicative-usd-spot-exchange-rates,2026-07-07,2026-07-08,Central Bank of Sri Lanka,only one(USD->LKR)
Egypt,48.8129,EGP,https://www.cbe.org.eg/en/economic-research/statistics/cbe-exchange-rates/historical-data,2026-07-07,2026-07-08,Central bank of Egypt (CBE),buy sell
Turkey,46.8134,TRY,https://www.tcmb.gov.tr/kurlar/202607/07072026.xml,2026-07-07,2026-07-08,Türkiye Cumhuriyet Merkez Bankası (TCMB),"Banknote(buy, sell)"
Indonesia,17999.0,IDR,https://www.bi.go.id/en/statistik/informasi-kurs/transaksi-bi/Default.aspx,2026-07-07,2026-07-08,"bank indonesia, bank sentral republik indonesia","buy, sell"
Bangladesh,122.85,BDT,https://www.bb.org.bd/en/index.php/econdata/exchangerate,2026-07-07,2026-07-08,Bangladesh Bank,"low, high (avg)"
Brunei,1.2928,dollar,https://www.imf.org/external/np/fin/data/rms_mth.aspx?SelectDate=2026-07-31&reportType=REP,2026-07-08,2026-07-09,IMF,Mid-point
China,6.7969,yuan,https://www.imf.org/external/np/fin/data/rms_mth.aspx?SelectDate=2026-07-31&reportType=REP,2026-07-08,2026-07-09,IMF,Mid-point
India,95.2236,rupee,https://www.imf.org/external/np/fin/data/rms_mth.aspx?SelectDate=2026-07-31&reportType=REP,2026-07-08,2026-07-09,IMF,Mid-point
Japan,162.34,yen,https://www.imf.org/external/np/fin/data/rms_mth.aspx?SelectDate=2026-07-31&reportType=REP,2026-07-08,2026-07-09,IMF,Mid-point
Malaysia,4.0775,ringgit,https://www.imf.org/external/np/fin/data/rms_mth.aspx?SelectDate=2026-07-31&reportType=REP,2026-07-08,2026-07-09,IMF,Mid-point
Philippines,61.423,peso,https://www.imf.org/external/np/fin/data/rms_mth.aspx?SelectDate=2026-07-31&reportType=REP,2026-07-08,2026-07-09,IMF,Mid-point
Saudi Arabia,3.75,riyal,https://www.imf.org/external/np/fin/data/rms_mth.aspx?SelectDate=2026-07-31&reportType=REP,2026-07-08,2026-07-09,IMF,Mid-point
Singapore,1.2928,dollar,https://www.imf.org/external/np/fin/data/rms_mth.aspx?SelectDate=2026-07-31&reportType=REP,2026-07-08,2026-07-09,IMF,Mid-point
Thailand,33.393,baht,https://www.imf.org/external/np/fin/data/rms_mth.aspx?SelectDate=2026-07-31&reportType=REP,2026-07-08,2026-07-09,IMF,Mid-point
Hong Kong,784.175,HKD,https://www.hkab.org.hk/en/rates/exchange-rates,2026-07-08,2026-07-09,The Hong Kong Association of Banks,"buy, sell"
Cambodia,4036.0,KHR,https://www.tax.gov.kh/en/exchange-rate?for_year=2026&for_month=07,2026-07-08,2026-07-09,National Bank of Cambodia,Official Rate Riel
Lao,22560.0,LAK,https://www.bol.gov.la/en/ExchangRate,2026-07-08,2026-07-09,Bank of the lao P.D.R,"buy, sell"
Myanmar,2100.0,MMK,https://forex.cbm.gov.mm/index.php/fxrate/history,2026-07-08,2026-07-09,Central Bank of Myanmar,only one
Pakistan,278.25,PKR,https://www.nbp.com.pk/RateSheetFiles/NBP-RateSheet-08-07-2026.pdf,2026-07-08,2026-07-09,National Bank of Pakistan,buy
Vietnam,25206.0,VND,https://sbv.gov.vn/vi/t%E1%BB%B7-gi%C3%A1-tham-kh%E1%BA%A3o-gi%E1%BB%AFa-%C4%91%E1%BB%93ng-vi%E1%BB%87t-nam-v%C3%A0-c%C3%A1c-lo%E1%BA%A1i-ngo%E1%BA%A1i-t%E1%BB%87-t%E1%BA%A1i-c%E1%BB%A5c-qu%E1%BA%A3n-l%C3%BD-ngo%E1%BA%A1i-h%E1%BB%91i,2026-07-08,2026-07-09,SBV,"buy, sell"
Sri Lanka,334.7128,LKR,https://www.cbsl.gov.lk/en/rates-and-indicators/exchange-rates/daily-indicative-usd-spot-exchange-rates,2026-07-08,2026-07-09,Central Bank of Sri Lanka,only one(USD->LKR)
Egypt,49.642,EGP,https://www.cbe.org.eg/en/economic-research/statistics/cbe-exchange-rates/historical-data,2026-07-08,2026-07-09,Central bank of Egypt (CBE),buy sell
Turkey,46.83025000000001,TRY,https://www.tcmb.gov.tr/kurlar/202607/08072026.xml,2026-07-08,2026-07-09,Türkiye Cumhuriyet Merkez Bankası (TCMB),"Banknote(buy, sell)"
Indonesia,17988.0,IDR,https://www.bi.go.id/en/statistik/informasi-kurs/transaksi-bi/Default.aspx,2026-07-08,2026-07-09,"bank indonesia, bank sentral republik indonesia","buy, sell"
Bangladesh,122.85,BDT,https://www.bb.org.bd/en/index.php/econdata/exchangerate,2026-07-08,2026-07-09,Bangladesh Bank,"low, high (avg)"
Brunei,1.2931,dollar,https://www.imf.org/external/np/fin/data/rms_mth.aspx?SelectDate=2026-07-31&reportType=REP,2026-07-09,2026-07-10,IMF,Mid-point
China,6.7951,yuan,https://www.imf.org/external/np/fin/data/rms_mth.aspx?SelectDate=2026-07-31&reportType=REP,2026-07-09,2026-07-10,IMF,Mid-point
India,95.3746,rupee,https://www.imf.org/external/np/fin/data/rms_mth.aspx?SelectDate=2026-07-31&reportType=REP,2026-07-09,2026-07-10,IMF,Mid-point
Japan,162.46,yen,https://www.imf.org/external/np/fin/data/rms_mth.aspx?SelectDate=2026-07-31&reportType=REP,2026-07-09,2026-07-10,IMF,Mid-point
Malaysia,4.08,ringgit,https://www.imf.org/external/np/fin/data/rms_mth.aspx?SelectDate=2026-07-31&reportType=REP,2026-07-09,2026-07-10,IMF,Mid-point
Philippines,61.423,peso,https://www.imf.org/external/np/fin/data/rms_mth.aspx?SelectDate=2026-07-31&reportType=REP,2026-07-09,2026-07-10,IMF,Mid-point
Saudi Arabia,3.75,riyal,https://www.imf.org/external/np/fin/data/rms_mth.aspx?SelectDate=2026-07-31&reportType=REP,2026-07-09,2026-07-10,IMF,Mid-point
Singapore,1.2931,dollar,https://www.imf.org/external/np/fin/data/rms_mth.aspx?SelectDate=2026-07-31&reportType=REP,2026-07-09,2026-07-10,IMF,Mid-point
Thailand,33.465,baht,https://www.imf.org/external/np/fin/data/rms_mth.aspx?SelectDate=2026-07-31&reportType=REP,2026-07-09,2026-07-10,IMF,Mid-point
Hong Kong,783.875,HKD,https://www.hkab.org.hk/en/rates/exchange-rates,2026-07-09,2026-07-10,The Hong Kong Association of Banks,"buy, sell"
Cambodia,4036.0,KHR,https://www.tax.gov.kh/en/exchange-rate?for_year=2026&for_month=07,2026-07-09,2026-07-10,National Bank of Cambodia,Official Rate Riel
Lao,22560.0,LAK,https://www.bol.gov.la/en/ExchangRate,2026-07-09,2026-07-10,Bank of the lao P.D.R,"buy, sell"
Myanmar,2100.0,MMK,https://forex.cbm.gov.mm/index.php/fxrate/history,2026-07-09,2026-07-10,Central Bank of Myanmar,only one
Pakistan,278.2,PKR,https://www.nbp.com.pk/RateSheetFiles/NBP-RateSheet-09-07-2026.pdf,2026-07-09,2026-07-10,National Bank of Pakistan,buy
Vietnam,25211.0,VND,https://sbv.gov.vn/vi/t%E1%BB%B7-gi%C3%A1-tham-kh%E1%BA%A3o-gi%E1%BB%AFa-%C4%91%E1%BB%93ng-vi%E1%BB%87t-nam-v%C3%A0-c%C3%A1c-lo%E1%BA%A1i-ngo%E1%BA%A1i-t%E1%BB%87-t%E1%BA%A1i-c%E1%BB%A5c-qu%E1%BA%A3n-l%C3%BD-ngo%E1%BA%A1i-h%E1%BB%91i,2026-07-09,2026-07-10,SBV,"buy, sell"
Sri Lanka,335.4585,LKR,https://www.cbsl.gov.lk/en/rates-and-indicators/exchange-rates/daily-indicative-usd-spot-exchange-rates,2026-07-09,2026-07-10,Central Bank of Sri Lanka,only one(USD->LKR)
Egypt,49.7003,EGP,https://www.cbe.org.eg/en/economic-research/statistics/cbe-exchange-rates/historical-data,2026-07-09,2026-07-10,Central bank of Egypt (CBE),buy sell
Turkey,46.84635,TRY,https://www.tcmb.gov.tr/kurlar/202607/09072026.xml,2026-07-09,2026-07-10,Türkiye Cumhuriyet Merkez Bankası (TCMB),"Banknote(buy, sell)"
Indonesia,17988.0,IDR,https://www.bi.go.id/en/statistik/informasi-kurs/transaksi-bi/Default.aspx,2026-07-09,2026-07-10,"bank indonesia, bank sentral republik indonesia","buy, sell"
Bangladesh,122.85,BDT,https://www.bb.org.bd/en/index.php/econdata/exchangerate,2026-07-09,2026-07-10,Bangladesh Bank,"low, high (avg)"
Brunei,1.2907,dollar,https://www.imf.org/external/np/fin/data/rms_mth.aspx?SelectDate=2026-07-31&reportType=REP,2026-07-10,2026-07-11,IMF,Mid-point
China,6.7794,yuan,https://www.imf.org/external/np/fin/data/rms_mth.aspx?SelectDate=2026-07-31&reportType=REP,2026-07-10,2026-07-11,IMF,Mid-point
India,95.3129,rupee,https://www.imf.org/external/np/fin/data/rms_mth.aspx?SelectDate=2026-07-31&reportType=REP,2026-07-10,2026-07-11,IMF,Mid-point
Japan,162.09,yen,https://www.imf.org/external/np/fin/data/rms_mth.aspx?SelectDate=2026-07-31&reportType=REP,2026-07-10,2026-07-11,IMF,Mid-point
Malaysia,4.0675,ringgit,https://www.imf.org/external/np/fin/data/rms_mth.aspx?SelectDate=2026-07-31&reportType=REP,2026-07-10,2026-07-11,IMF,Mid-point
Philippines,61.583,peso,https://www.imf.org/external/np/fin/data/rms_mth.aspx?SelectDate=2026-07-31&reportType=REP,2026-07-10,2026-07-11,IMF,Mid-point
Saudi Arabia,3.75,riyal,https://www.imf.org/external/np/fin/data/rms_mth.aspx?SelectDate=2026-07-31&reportType=REP,2026-07-10,2026-07-11,IMF,Mid-point
Singapore,1.2907,dollar,https://www.imf.org/external/np/fin/data/rms_mth.aspx?SelectDate=2026-07-31&reportType=REP,2026-07-10,2026-07-11,IMF,Mid-point
Thailand,33.318,baht,https://www.imf.org/external/np/fin/data/rms_mth.aspx?SelectDate=2026-07-31&reportType=REP,2026-07-10,2026-07-11,IMF,Mid-point
Hong Kong,783.625,HKD,https://www.hkab.org.hk/en/rates/exchange-rates,2026-07-10,2026-07-11,The Hong Kong Association of Banks,"buy, sell"
Cambodia,4036.0,KHR,https://www.tax.gov.kh/en/exchange-rate?for_year=2026&for_month=07,2026-07-10,2026-07-11,National Bank of Cambodia,Official Rate Riel
Lao,22549.0,LAK,https://www.bol.gov.la/en/ExchangRate,2026-07-10,2026-07-11,Bank of the lao P.D.R,"buy, sell"
Myanmar,2100.0,MMK,https://forex.cbm.gov.mm/index.php/fxrate/history,2026-07-10,2026-07-11,Central Bank of Myanmar,only one
Pakistan,278.2,PKR,https://www.nbp.com.pk/RateSheetFiles/NBP-RateSheet-10-07-2026.pdf,2026-07-10,2026-07-11,National Bank of Pakistan,buy
Vietnam,25214.0,VND,https://sbv.gov.vn/vi/t%E1%BB%B7-gi%C3%A1-tham-kh%E1%BA%A3o-gi%E1%BB%AFa-%C4%91%E1%BB%93ng-vi%E1%BB%87t-nam-v%C3%A0-c%C3%A1c-lo%E1%BA%A1i-ngo%E1%BA%A1i-t%E1%BB%87-t%E1%BA%A1i-c%E1%BB%A5c-qu%E1%BA%A3n-l%C3%BD-ngo%E1%BA%A1i-h%E1%BB%91i,2026-07-10,2026-07-11,SBV,"buy, sell"
Sri Lanka,336.4034,LKR,https://www.cbsl.gov.lk/en/rates-and-indicators/exchange-rates/daily-indicative-usd-spot-exchange-rates,2026-07-10,2026-07-11,Central Bank of Sri Lanka,only one(USD->LKR)
Egypt,49.7003,EGP,https://www.cbe.org.eg/en/economic-research/statistics/cbe-exchange-rates/historical-data,2026-07-10,2026-07-11,Central bank of Egypt (CBE),buy sell
Turkey,46.8693,TRY,https://www.tcmb.gov.tr/kurlar/202607/10072026.xml,2026-07-10,2026-07-11,Türkiye Cumhuriyet Merkez Bankası (TCMB),"Banknote(buy, sell)"
Indonesia,18090.0,IDR,https://www.bi.go.id/en/statistik/informasi-kurs/transaksi-bi/Default.aspx,2026-07-10,2026-07-11,"bank indonesia, bank sentral republik indonesia","buy, sell"
Bangladesh,122.85,BDT,https://www.bb.org.bd/en/index.php/econdata/exchangerate,2026-07-10,2026-07-11,Bangladesh Bank,"low, high (avg)"
Brunei,1.2907,dollar,https://www.imf.org/external/np/fin/data/rms_mth.aspx?SelectDate=2026-07-31&reportType=REP,2026-07-11,2026-07-12,IMF,Mid-point
China,6.7794,yuan,https://www.imf.org/external/np/fin/data/rms_mth.aspx?SelectDate=2026-07-31&reportType=REP,2026-07-11,2026-07-12,IMF,Mid-point
India,95.3129,rupee,https://www.imf.org/external/np/fin/data/rms_mth.aspx?SelectDate=2026-07-31&reportType=REP,2026-07-11,2026-07-12,IMF,Mid-point
Japan,162.09,yen,https://www.imf.org/external/np/fin/data/rms_mth.aspx?SelectDate=2026-07-31&reportType=REP,2026-07-11,2026-07-12,IMF,Mid-point
Malaysia,4.0675,ringgit,https://www.imf.org/external/np/fin/data/rms_mth.aspx?SelectDate=2026-07-31&reportType=REP,2026-07-11,2026-07-12,IMF,Mid-point
Philippines,61.583,peso,https://www.imf.org/external/np/fin/data/rms_mth.aspx?SelectDate=2026-07-31&reportType=REP,2026-07-11,2026-07-12,IMF,Mid-point
Saudi Arabia,3.75,riyal,https://www.imf.org/external/np/fin/data/rms_mth.aspx?SelectDate=2026-07-31&reportType=REP,2026-07-11,2026-07-12,IMF,Mid-point
Singapore,1.2907,dollar,https://www.imf.org/external/np/fin/data/rms_mth.aspx?SelectDate=2026-07-31&reportType=REP,2026-07-11,2026-07-12,IMF,Mid-point
Thailand,33.318,baht,https://www.imf.org/external/np/fin/data/rms_mth.aspx?SelectDate=2026-07-31&reportType=REP,2026-07-11,2026-07-12,IMF,Mid-point
Hong Kong,784.025,HKD,https://www.hkab.org.hk/en/rates/exchange-rates,2026-07-11,2026-07-12,The Hong Kong Association of Banks,"buy, sell"
Cambodia,4036.0,KHR,https://www.tax.gov.kh/en/exchange-rate?for_year=2026&for_month=07,2026-07-11,2026-07-12,National Bank of Cambodia,Official Rate Riel
Myanmar,2100.0,MMK,https://forex.cbm.gov.mm/index.php/fxrate/history,2026-07-11,2026-07-12,Central Bank of Myanmar,only one
Pakistan,278.2,PKR,https://www.nbp.com.pk/RateSheetFiles/NBP-RateSheet-10-07-2026.pdf,2026-07-11,2026-07-12,National Bank of Pakistan,buy
Vietnam,25214.0,VND,https://sbv.gov.vn/vi/t%E1%BB%B7-gi%C3%A1-tham-kh%E1%BA%A3o-gi%E1%BB%AFa-%C4%91%E1%BB%93ng-vi%E1%BB%87t-nam-v%C3%A0-c%C3%A1c-lo%E1%BA%A1i-ngo%E1%BA%A1i-t%E1%BB%87-t%E1%BA%A1i-c%E1%BB%A5c-qu%E1%BA%A3n-l%C3%BD-ngo%E1%BA%A1i-h%E1%BB%91i,2026-07-11,2026-07-12,SBV,"buy, sell"
Sri Lanka,336.4034,LKR,https://www.cbsl.gov.lk/en/rates-and-indicators/exchange-rates/daily-indicative-usd-spot-exchange-rates,2026-07-11,2026-07-12,Central Bank of Sri Lanka,only one(USD->LKR)
Egypt,49.7003,EGP,https://www.cbe.org.eg/en/economic-research/statistics/cbe-exchange-rates/historical-data,2026-07-11,2026-07-12,Central bank of Egypt (CBE),buy sell
Turkey,46.8693,TRY,https://www.tcmb.gov.tr/kurlar/202607/10072026.xml,2026-07-11,2026-07-12,Türkiye Cumhuriyet Merkez Bankası (TCMB),"Banknote(buy, sell)"
Indonesia,18005.0,IDR,https://www.bi.go.id/en/statistik/informasi-kurs/transaksi-bi/Default.aspx,2026-07-11,2026-07-12,"bank indonesia, bank sentral republik indonesia","buy, sell"
Bangladesh,122.85,BDT,https://www.bb.org.bd/en/index.php/econdata/exchangerate,2026-07-11,2026-07-12,Bangladesh Bank,"low, high (avg)"
Brunei,1.2907,dollar,https://www.imf.org/external/np/fin/data/rms_mth.aspx?SelectDate=2026-07-31&reportType=REP,2026-07-12,2026-07-13,IMF,Mid-point
China,6.7794,yuan,https://www.imf.org/external/np/fin/data/rms_mth.aspx?SelectDate=2026-07-31&reportType=REP,2026-07-12,2026-07-13,IMF,Mid-point
India,95.3129,rupee,https://www.imf.org/external/np/fin/data/rms_mth.aspx?SelectDate=2026-07-31&reportType=REP,2026-07-12,2026-07-13,IMF,Mid-point
Japan,162.09,yen,https://www.imf.org/external/np/fin/data/rms_mth.aspx?SelectDate=2026-07-31&reportType=REP,2026-07-12,2026-07-13,IMF,Mid-point
Malaysia,4.0675,ringgit,https://www.imf.org/external/np/fin/data/rms_mth.aspx?SelectDate=2026-07-31&reportType=REP,2026-07-12,2026-07-13,IMF,Mid-point
Philippines,61.583,peso,https://www.imf.org/external/np/fin/data/rms_mth.aspx?SelectDate=2026-07-31&reportType=REP,2026-07-12,2026-07-13,IMF,Mid-point
Saudi Arabia,3.75,riyal,https://www.imf.org/external/np/fin/data/rms_mth.aspx?SelectDate=2026-07-31&reportType=REP,2026-07-12,2026-07-13,IMF,Mid-point
Singapore,1.2907,dollar,https://www.imf.org/external/np/fin/data/rms_mth.aspx?SelectDate=2026-07-31&reportType=REP,2026-07-12,2026-07-13,IMF,Mid-point
Thailand,33.318,baht,https://www.imf.org/external/np/fin/data/rms_mth.aspx?SelectDate=2026-07-31&reportType=REP,2026-07-12,2026-07-13,IMF,Mid-point
Hong Kong,784.025,HKD,https://www.hkab.org.hk/en/rates/exchange-rates,2026-07-12,2026-07-13,The Hong Kong Association of Banks,"buy, sell"
Cambodia,4036.0,KHR,https://www.tax.gov.kh/en/exchange-rate?for_year=2026&for_month=07,2026-07-12,2026-07-13,National Bank of Cambodia,Official Rate Riel
Lao,22548.5,LAK,https://www.bol.gov.la/en/ExchangRate,2026-07-12,2026-07-13,Bank of the lao P.D.R,"buy, sell"
Myanmar,2100.0,MMK,https://forex.cbm.gov.mm/index.php/fxrate/history,2026-07-12,2026-07-13,Central Bank of Myanmar,only one
Pakistan,278.2,PKR,https://www.nbp.com.pk/RateSheetFiles/NBP-RateSheet-10-07-2026.pdf,2026-07-12,2026-07-13,National Bank of Pakistan,buy
Vietnam,25214.0,VND,https://sbv.gov.vn/vi/t%E1%BB%B7-gi%C3%A1-tham-kh%E1%BA%A3o-gi%E1%BB%AFa-%C4%91%E1%BB%93ng-vi%E1%BB%87t-nam-v%C3%A0-c%C3%A1c-lo%E1%BA%A1i-ngo%E1%BA%A1i-t%E1%BB%87-t%E1%BA%A1i-c%E1%BB%A5c-qu%E1%BA%A3n-l%C3%BD-ngo%E1%BA%A1i-h%E1%BB%91i,2026-07-12,2026-07-13,SBV,"buy, sell"
Sri Lanka,336.4034,LKR,https://www.cbsl.gov.lk/en/rates-and-indicators/exchange-rates/daily-indicative-usd-spot-exchange-rates,2026-07-12,2026-07-13,Central Bank of Sri Lanka,only one(USD->LKR)
Egypt,49.9257,EGP,https://www.cbe.org.eg/en/economic-research/statistics/cbe-exchange-rates/historical-data,2026-07-12,2026-07-13,Central bank of Egypt (CBE),buy sell
Turkey,46.8693,TRY,https://www.tcmb.gov.tr/kurlar/202607/10072026.xml,2026-07-12,2026-07-13,Türkiye Cumhuriyet Merkez Bankası (TCMB),"Banknote(buy, sell)"
Indonesia,18090.0,IDR,https://www.bi.go.id/en/statistik/informasi-kurs/transaksi-bi/Default.aspx,2026-07-12,2026-07-13,"bank indonesia, bank sentral republik indonesia","buy, sell"
Bangladesh,122.925,BDT,https://www.bb.org.bd/en/index.php/econdata/exchangerate,2026-07-12,2026-07-13,Bangladesh Bank,"low, high (avg)"
Lao,22560.0,LAK,https://www.bol.gov.la/en/ExchangRate,2026-07-13,2026-07-14,Bank of the lao P.D.R,"buy, sell"
Brunei,1.2907,dollar,https://www.imf.org/external/np/fin/data/rms_mth.aspx?SelectDate=2026-07-31&reportType=REP,2026-07-13,2026-07-14,IMF,Mid-point
China,6.7816,yuan,https://www.imf.org/external/np/fin/data/rms_mth.aspx?SelectDate=2026-07-31&reportType=REP,2026-07-13,2026-07-14,IMF,Mid-point
India,95.3129,rupee,https://www.imf.org/external/np/fin/data/rms_mth.aspx?SelectDate=2026-07-31&reportType=REP,2026-07-13,2026-07-14,IMF,Mid-point
Japan,162.1,yen,https://www.imf.org/external/np/fin/data/rms_mth.aspx?SelectDate=2026-07-31&reportType=REP,2026-07-13,2026-07-14,IMF,Mid-point
Malaysia,4.0675,ringgit,https://www.imf.org/external/np/fin/data/rms_mth.aspx?SelectDate=2026-07-31&reportType=REP,2026-07-13,2026-07-14,IMF,Mid-point
Philippines,61.522,peso,https://www.imf.org/external/np/fin/data/rms_mth.aspx?SelectDate=2026-07-31&reportType=REP,2026-07-13,2026-07-14,IMF,Mid-point
Saudi Arabia,3.75,riyal,https://www.imf.org/external/np/fin/data/rms_mth.aspx?SelectDate=2026-07-31&reportType=REP,2026-07-13,2026-07-14,IMF,Mid-point
Singapore,1.2907,dollar,https://www.imf.org/external/np/fin/data/rms_mth.aspx?SelectDate=2026-07-31&reportType=REP,2026-07-13,2026-07-14,IMF,Mid-point
Thailand,33.318,baht,https://www.imf.org/external/np/fin/data/rms_mth.aspx?SelectDate=2026-07-31&reportType=REP,2026-07-13,2026-07-14,IMF,Mid-point
Hong Kong,783.925,HKD,https://www.hkab.org.hk/en/rates/exchange-rates,2026-07-13,2026-07-14,The Hong Kong Association of Banks,"buy, sell"
Cambodia,4037.0,KHR,https://www.tax.gov.kh/en/exchange-rate?for_year=2026&for_month=07,2026-07-13,2026-07-14,National Bank of Cambodia,Official Rate Riel
Myanmar,2100.0,MMK,https://forex.cbm.gov.mm/index.php/fxrate/history,2026-07-13,2026-07-14,Central Bank of Myanmar,only one
Pakistan,278.2,PKR,https://www.nbp.com.pk/RateSheetFiles/NBP-RateSheet-13-07-2026.pdf,2026-07-13,2026-07-14,National Bank of Pakistan,buy
Vietnam,25220.0,VND,https://sbv.gov.vn/vi/t%E1%BB%B7-gi%C3%A1-tham-kh%E1%BA%A3o-gi%E1%BB%AFa-%C4%91%E1%BB%93ng-vi%E1%BB%87t-nam-v%C3%A0-c%C3%A1c-lo%E1%BA%A1i-ngo%E1%BA%A1i-t%E1%BB%87-t%E1%BA%A1i-c%E1%BB%A5c-qu%E1%BA%A3n-l%C3%BD-ngo%E1%BA%A1i-h%E1%BB%91i,2026-07-13,2026-07-14,SBV,"buy, sell"
Sri Lanka,335.759,LKR,https://www.cbsl.gov.lk/en/rates-and-indicators/exchange-rates/daily-indicative-usd-spot-exchange-rates,2026-07-13,2026-07-14,Central Bank of Sri Lanka,only one(USD->LKR)
Egypt,50.23255,EGP,https://www.cbe.org.eg/en/economic-research/statistics/cbe-exchange-rates/historical-data,2026-07-13,2026-07-14,Central bank of Egypt (CBE),buy sell
Turkey,46.97315,TRY,https://www.tcmb.gov.tr/kurlar/202607/13072026.xml,2026-07-13,2026-07-14,Türkiye Cumhuriyet Merkez Bankası (TCMB),"Banknote(buy, sell)"
Indonesia,18069.0,IDR,https://www.bi.go.id/en/statistik/informasi-kurs/transaksi-bi/Default.aspx,2026-07-13,2026-07-14,"bank indonesia, bank sentral republik indonesia","buy, sell"
Bangladesh,123.0,BDT,https://www.bb.org.bd/en/index.php/econdata/exchangerate,2026-07-13,2026-07-14,Bangladesh Bank,"low, high (avg)"
Brunei,1.2935,dollar,https://www.imf.org/external/np/fin/data/rms_mth.aspx?SelectDate=2026-07-31&reportType=REP,2026-07-14,2026-07-15,IMF,Mid-point
China,6.7784,yuan,https://www.imf.org/external/np/fin/data/rms_mth.aspx?SelectDate=2026-07-31&reportType=REP,2026-07-14,2026-07-15,IMF,Mid-point
India,96.1138,rupee,https://www.imf.org/external/np/fin/data/rms_mth.aspx?SelectDate=2026-07-31&reportType=REP,2026-07-14,2026-07-15,IMF,Mid-point
Japan,162.34,yen,https://www.imf.org/external/np/fin/data/rms_mth.aspx?SelectDate=2026-07-31&reportType=REP,2026-07-14,2026-07-15,IMF,Mid-point
Malaysia,4.078,ringgit,https://www.imf.org/external/np/fin/data/rms_mth.aspx?SelectDate=2026-07-31&reportType=REP,2026-07-14,2026-07-15,IMF,Mid-point
Philippines,61.596,peso,https://www.imf.org/external/np/fin/data/rms_mth.aspx?SelectDate=2026-07-31&reportType=REP,2026-07-14,2026-07-15,IMF,Mid-point
Saudi Arabia,3.75,riyal,https://www.imf.org/external/np/fin/data/rms_mth.aspx?SelectDate=2026-07-31&reportType=REP,2026-07-14,2026-07-15,IMF,Mid-point
Singapore,1.2935,dollar,https://www.imf.org/external/np/fin/data/rms_mth.aspx?SelectDate=2026-07-31&reportType=REP,2026-07-14,2026-07-15,IMF,Mid-point
Thailand,33.508,baht,https://www.imf.org/external/np/fin/data/rms_mth.aspx?SelectDate=2026-07-31&reportType=REP,2026-07-14,2026-07-15,IMF,Mid-point
Hong Kong,783.775,HKD,https://www.hkab.org.hk/en/rates/exchange-rates,2026-07-14,2026-07-15,The Hong Kong Association of Banks,"buy, sell"
Cambodia,4037.0,KHR,https://www.tax.gov.kh/en/exchange-rate?for_year=2026&for_month=07,2026-07-14,2026-07-15,National Bank of Cambodia,Official Rate Riel
Lao,22605.0,LAK,https://www.bol.gov.la/en/ExchangRate,2026-07-14,2026-07-15,Bank of the lao P.D.R,"buy, sell"
Myanmar,2100.0,MMK,https://forex.cbm.gov.mm/index.php/fxrate/history,2026-07-14,2026-07-15,Central Bank of Myanmar,only one
Pakistan,278.15,PKR,https://www.nbp.com.pk/RateSheetFiles/NBP-RateSheet-14-07-2026.pdf,2026-07-14,2026-07-15,National Bank of Pakistan,buy
Vietnam,25225.0,VND,https://sbv.gov.vn/vi/t%E1%BB%B7-gi%C3%A1-tham-kh%E1%BA%A3o-gi%E1%BB%AFa-%C4%91%E1%BB%93ng-vi%E1%BB%87t-nam-v%C3%A0-c%C3%A1c-lo%E1%BA%A1i-ngo%E1%BA%A1i-t%E1%BB%87-t%E1%BA%A1i-c%E1%BB%A5c-qu%E1%BA%A3n-l%C3%BD-ngo%E1%BA%A1i-h%E1%BB%91i,2026-07-14,2026-07-15,SBV,"buy, sell"
Sri Lanka,336.2222,LKR,https://www.cbsl.gov.lk/en/rates-and-indicators/exchange-rates/daily-indicative-usd-spot-exchange-rates,2026-07-14,2026-07-15,Central Bank of Sri Lanka,only one(USD->LKR)
Egypt,50.718050000000005,EGP,https://www.cbe.org.eg/en/economic-research/statistics/cbe-exchange-rates/historical-data,2026-07-14,2026-07-15,Central bank of Egypt (CBE),buy sell
Turkey,46.98635,TRY,https://www.tcmb.gov.tr/kurlar/202607/14072026.xml,2026-07-14,2026-07-15,Türkiye Cumhuriyet Merkez Bankası (TCMB),"Banknote(buy, sell)"
Indonesia,18131.0,IDR,https://www.bi.go.id/en/statistik/informasi-kurs/transaksi-bi/Default.aspx,2026-07-14,2026-07-15,"bank indonesia, bank sentral republik indonesia","buy, sell"
Bangladesh,123.0,BDT,https://www.bb.org.bd/en/index.php/econdata/exchangerate,2026-07-14,2026-07-15,Bangladesh Bank,"low, high (avg)"
Brunei,1.2935,dollar,https://www.imf.org/external/np/fin/data/rms_mth.aspx?SelectDate=2026-07-31&reportType=REP,2026-07-15,2026-07-16,IMF,Mid-point
China,6.7703,yuan,https://www.imf.org/external/np/fin/data/rms_mth.aspx?SelectDate=2026-07-31&reportType=REP,2026-07-15,2026-07-16,IMF,Mid-point
India,96.2219,rupee,https://www.imf.org/external/np/fin/data/rms_mth.aspx?SelectDate=2026-07-31&reportType=REP,2026-07-15,2026-07-16,IMF,Mid-point
Japan,162.14,yen,https://www.imf.org/external/np/fin/data/rms_mth.aspx?SelectDate=2026-07-31&reportType=REP,2026-07-15,2026-07-16,IMF,Mid-point
Malaysia,4.0705,ringgit,https://www.imf.org/external/np/fin/data/rms_mth.aspx?SelectDate=2026-07-31&reportType=REP,2026-07-15,2026-07-16,IMF,Mid-point
Philippines,61.692,peso,https://www.imf.org/external/np/fin/data/rms_mth.aspx?SelectDate=2026-07-31&reportType=REP,2026-07-15,2026-07-16,IMF,Mid-point
Saudi Arabia,3.75,riyal,https://www.imf.org/external/np/fin/data/rms_mth.aspx?SelectDate=2026-07-31&reportType=REP,2026-07-15,2026-07-16,IMF,Mid-point
Singapore,1.2902,dollar,https://www.imf.org/external/np/fin/data/rms_mth.aspx?SelectDate=2026-07-31&reportType=REP,2026-07-15,2026-07-16,IMF,Mid-point
Thailand,33.552,baht,https://www.imf.org/external/np/fin/data/rms_mth.aspx?SelectDate=2026-07-31&reportType=REP,2026-07-15,2026-07-16,IMF,Mid-point
Hong Kong,783.775,HKD,https://www.hkab.org.hk/en/rates/exchange-rates,2026-07-15,2026-07-16,The Hong Kong Association of Banks,"buy, sell"
Cambodia,4037.0,KHR,https://www.tax.gov.kh/en/exchange-rate?for_year=2026&for_month=07,2026-07-15,2026-07-16,National Bank of Cambodia,Official Rate Riel
Lao,22571.5,LAK,https://www.bol.gov.la/en/ExchangRate,2026-07-15,2026-07-16,Bank of the lao P.D.R,"buy, sell"
Myanmar,2100.0,MMK,https://forex.cbm.gov.mm/index.php/fxrate/history,2026-07-15,2026-07-16,Central Bank of Myanmar,only one
Pakistan,278.15,PKR,https://www.nbp.com.pk/RateSheetFiles/NBP-RateSheet-15-07-2026.pdf,2026-07-15,2026-07-16,National Bank of Pakistan,buy
Vietnam,25225.0,VND,https://sbv.gov.vn/vi/t%E1%BB%B7-gi%C3%A1-tham-kh%E1%BA%A3o-gi%E1%BB%AFa-%C4%91%E1%BB%93ng-vi%E1%BB%87t-nam-v%C3%A0-c%C3%A1c-lo%E1%BA%A1i-ngo%E1%BA%A1i-t%E1%BB%87-t%E1%BA%A1i-c%E1%BB%A5c-qu%E1%BA%A3n-l%C3%BD-ngo%E1%BA%A1i-h%E1%BB%91i,2026-07-15,2026-07-16,SBV,"buy, sell"
Sri Lanka,336.2814,LKR,https://www.cbsl.gov.lk/en/rates-and-indicators/exchange-rates/daily-indicative-usd-spot-exchange-rates,2026-07-15,2026-07-16,Central Bank of Sri Lanka,only one(USD->LKR)
Egypt,50.58295,EGP,https://www.cbe.org.eg/en/economic-research/statistics/cbe-exchange-rates/historical-data,2026-07-15,2026-07-16,Central bank of Egypt (CBE),buy sell
Turkey,46.98635,TRY,https://www.tcmb.gov.tr/kurlar/202607/14072026.xml,2026-07-15,2026-07-16,Türkiye Cumhuriyet Merkez Bankası (TCMB),"Banknote(buy, sell)"
Indonesia,18099.0,IDR,https://www.bi.go.id/en/statistik/informasi-kurs/transaksi-bi/Default.aspx,2026-07-15,2026-07-16,"bank indonesia, bank sentral republik indonesia","buy, sell"
Bangladesh,123.0,BDT,https://www.bb.org.bd/en/index.php/econdata/exchangerate,2026-07-15,2026-07-16,Bangladesh Bank,"low, high (avg)"
Brunei,1.2885,dollar,https://www.imf.org/external/np/fin/data/rms_mth.aspx?SelectDate=2026-07-31&reportType=REP,2026-07-16,2026-07-17,IMF,Mid-point
China,6.7678,yuan,https://www.imf.org/external/np/fin/data/rms_mth.aspx?SelectDate=2026-07-31&reportType=REP,2026-07-16,2026-07-17,IMF,Mid-point
India,96.3172,rupee,https://www.imf.org/external/np/fin/data/rms_mth.aspx?SelectDate=2026-07-31&reportType=REP,2026-07-16,2026-07-17,IMF,Mid-point
Japan,162.15,yen,https://www.imf.org/external/np/fin/data/rms_mth.aspx?SelectDate=2026-07-31&reportType=REP,2026-07-16,2026-07-17,IMF,Mid-point
Malaysia,4.0725,ringgit,https://www.imf.org/external/np/fin/data/rms_mth.aspx?SelectDate=2026-07-31&reportType=REP,2026-07-16,2026-07-17,IMF,Mid-point
Philippines,61.65,peso,https://www.imf.org/external/np/fin/data/rms_mth.aspx?SelectDate=2026-07-31&reportType=REP,2026-07-16,2026-07-17,IMF,Mid-point
Saudi Arabia,3.75,riyal,https://www.imf.org/external/np/fin/data/rms_mth.aspx?SelectDate=2026-07-31&reportType=REP,2026-07-16,2026-07-17,IMF,Mid-point
Singapore,1.2885,dollar,https://www.imf.org/external/np/fin/data/rms_mth.aspx?SelectDate=2026-07-31&reportType=REP,2026-07-16,2026-07-17,IMF,Mid-point
Thailand,33.571,baht,https://www.imf.org/external/np/fin/data/rms_mth.aspx?SelectDate=2026-07-31&reportType=REP,2026-07-16,2026-07-17,IMF,Mid-point
Hong Kong,783.825,HKD,https://www.hkab.org.hk/en/rates/exchange-rates,2026-07-16,2026-07-17,The Hong Kong Association of Banks,"buy, sell"
Cambodia,4037.0,KHR,https://www.tax.gov.kh/en/exchange-rate?for_year=2026&for_month=07,2026-07-16,2026-07-17,National Bank of Cambodia,Official Rate Riel
Lao,22562.5,LAK,https://www.bol.gov.la/en/ExchangRate,2026-07-16,2026-07-17,Bank of the lao P.D.R,"buy, sell"
Myanmar,2100.0,MMK,https://forex.cbm.gov.mm/index.php/fxrate/history,2026-07-16,2026-07-17,Central Bank of Myanmar,only one
Pakistan,278.15,PKR,https://www.nbp.com.pk/RateSheetFiles/NBP-RateSheet-16-07-2026.pdf,2026-07-16,2026-07-17,National Bank of Pakistan,buy
Vietnam,25243.0,VND,https://sbv.gov.vn/vi/t%E1%BB%B7-gi%C3%A1-tham-kh%E1%BA%A3o-gi%E1%BB%AFa-%C4%91%E1%BB%93ng-vi%E1%BB%87t-nam-v%C3%A0-c%C3%A1c-lo%E1%BA%A1i-ngo%E1%BA%A1i-t%E1%BB%87-t%E1%BA%A1i-c%E1%BB%A5c-qu%E1%BA%A3n-l%C3%BD-ngo%E1%BA%A1i-h%E1%BB%91i,2026-07-16,2026-07-17,SBV,"buy, sell"
Sri Lanka,336.3953,LKR,https://www.cbsl.gov.lk/en/rates-and-indicators/exchange-rates/daily-indicative-usd-spot-exchange-rates,2026-07-16,2026-07-17,Central Bank of Sri Lanka,only one(USD->LKR)
Egypt,50.54715,EGP,https://www.cbe.org.eg/en/economic-research/statistics/cbe-exchange-rates/historical-data,2026-07-16,2026-07-17,Central bank of Egypt (CBE),buy sell
Turkey,47.0282,TRY,https://www.tcmb.gov.tr/kurlar/202607/16072026.xml,2026-07-16,2026-07-17,Türkiye Cumhuriyet Merkez Bankası (TCMB),"Banknote(buy, sell)"
Indonesia,18064.0,IDR,https://www.bi.go.id/en/statistik/informasi-kurs/transaksi-bi/Default.aspx,2026-07-16,2026-07-17,"bank indonesia, bank sentral republik indonesia","buy, sell"
Bangladesh,123.275,BDT,https://www.bb.org.bd/en/index.php/econdata/exchangerate,2026-07-16,2026-07-17,Bangladesh Bank,"low, high (avg)"
Brunei,1.2905,dollar,https://www.imf.org/external/np/fin/data/rms_mth.aspx?SelectDate=2026-07-31&reportType=REP,2026-07-17,2026-07-18,IMF,Mid-point
China,6.7772,yuan,https://www.imf.org/external/np/fin/data/rms_mth.aspx?SelectDate=2026-07-31&reportType=REP,2026-07-17,2026-07-18,IMF,Mid-point
India,96.3665,rupee,https://www.imf.org/external/np/fin/data/rms_mth.aspx?SelectDate=2026-07-31&reportType=REP,2026-07-17,2026-07-18,IMF,Mid-point
Japan,162.41,yen,https://www.imf.org/external/np/fin/data/rms_mth.aspx?SelectDate=2026-07-31&reportType=REP,2026-07-17,2026-07-18,IMF,Mid-point
Malaysia,4.08,ringgit,https://www.imf.org/external/np/fin/data/rms_mth.aspx?SelectDate=2026-07-31&reportType=REP,2026-07-17,2026-07-18,IMF,Mid-point
Philippines,61.644,peso,https://www.imf.org/external/np/fin/data/rms_mth.aspx?SelectDate=2026-07-31&reportType=REP,2026-07-17,2026-07-18,IMF,Mid-point
Saudi Arabia,3.75,riyal,https://www.imf.org/external/np/fin/data/rms_mth.aspx?SelectDate=2026-07-31&reportType=REP,2026-07-17,2026-07-18,IMF,Mid-point
Singapore,1.2905,dollar,https://www.imf.org/external/np/fin/data/rms_mth.aspx?SelectDate=2026-07-31&reportType=REP,2026-07-17,2026-07-18,IMF,Mid-point
Thailand,33.607,baht,https://www.imf.org/external/np/fin/data/rms_mth.aspx?SelectDate=2026-07-31&reportType=REP,2026-07-17,2026-07-18,IMF,Mid-point
Hong Kong,783.975,HKD,https://www.hkab.org.hk/en/rates/exchange-rates,2026-07-17,2026-07-18,The Hong Kong Association of Banks,"buy, sell"
Cambodia,4037.0,KHR,https://www.tax.gov.kh/en/exchange-rate?for_year=2026&for_month=07,2026-07-17,2026-07-18,National Bank of Cambodia,Official Rate Riel
Lao,22585.0,LAK,https://www.bol.gov.la/en/ExchangRate,2026-07-17,2026-07-18,Bank of the lao P.D.R,"buy, sell"
Myanmar,2100.0,MMK,https://forex.cbm.gov.mm/index.php/fxrate/history,2026-07-17,2026-07-18,Central Bank of Myanmar,only one
Pakistan,278.1,PKR,https://www.nbp.com.pk/RateSheetFiles/NBP-RateSheet-17-07-2026.pdf,2026-07-17,2026-07-18,National Bank of Pakistan,buy
Vietnam,25254.0,VND,https://sbv.gov.vn/vi/t%E1%BB%B7-gi%C3%A1-tham-kh%E1%BA%A3o-gi%E1%BB%AFa-%C4%91%E1%BB%93ng-vi%E1%BB%87t-nam-v%C3%A0-c%C3%A1c-lo%E1%BA%A1i-ngo%E1%BA%A1i-t%E1%BB%87-t%E1%BA%A1i-c%E1%BB%A5c-qu%E1%BA%A3n-l%C3%BD-ngo%E1%BA%A1i-h%E1%BB%91i,2026-07-17,2026-07-18,SBV,"buy, sell"
Sri Lanka,336.3055,LKR,https://www.cbsl.gov.lk/en/rates-and-indicators/exchange-rates/daily-indicative-usd-spot-exchange-rates,2026-07-17,2026-07-18,Central Bank of Sri Lanka,only one(USD->LKR)
Egypt,50.54715,EGP,https://www.cbe.org.eg/en/economic-research/statistics/cbe-exchange-rates/historical-data,2026-07-17,2026-07-18,Central bank of Egypt (CBE),buy sell
Turkey,47.047,TRY,https://www.tcmb.gov.tr/kurlar/202607/17072026.xml,2026-07-17,2026-07-18,Türkiye Cumhuriyet Merkez Bankası (TCMB),"Banknote(buy, sell)"
Indonesia,18064.0,IDR,https://www.bi.go.id/en/statistik/informasi-kurs/transaksi-bi/Default.aspx,2026-07-17,2026-07-18,"bank indonesia, bank sentral republik indonesia","buy, sell"
Bangladesh,123.275,BDT,https://www.bb.org.bd/en/index.php/econdata/exchangerate,2026-07-17,2026-07-18,Bangladesh Bank,"low, high (avg)"
Brunei,1.2905,dollar,https://www.imf.org/external/np/fin/data/rms_mth.aspx?SelectDate=2026-07-31&reportType=REP,2026-07-18,2026-07-19,IMF,Mid-point
China,6.7772,yuan,https://www.imf.org/external/np/fin/data/rms_mth.aspx?SelectDate=2026-07-31&reportType=REP,2026-07-18,2026-07-19,IMF,Mid-point
India,96.3665,rupee,https://www.imf.org/external/np/fin/data/rms_mth.aspx?SelectDate=2026-07-31&reportType=REP,2026-07-18,2026-07-19,IMF,Mid-point
Japan,162.41,yen,https://www.imf.org/external/np/fin/data/rms_mth.aspx?SelectDate=2026-07-31&reportType=REP,2026-07-18,2026-07-19,IMF,Mid-point
Malaysia,4.08,ringgit,https://www.imf.org/external/np/fin/data/rms_mth.aspx?SelectDate=2026-07-31&reportType=REP,2026-07-18,2026-07-19,IMF,Mid-point
Philippines,61.644,peso,https://www.imf.org/external/np/fin/data/rms_mth.aspx?SelectDate=2026-07-31&reportType=REP,2026-07-18,2026-07-19,IMF,Mid-point
Saudi Arabia,3.75,riyal,https://www.imf.org/external/np/fin/data/rms_mth.aspx?SelectDate=2026-07-31&reportType=REP,2026-07-18,2026-07-19,IMF,Mid-point
Singapore,1.2905,dollar,https://www.imf.org/external/np/fin/data/rms_mth.aspx?SelectDate=2026-07-31&reportType=REP,2026-07-18,2026-07-19,IMF,Mid-point
Thailand,33.607,baht,https://www.imf.org/external/np/fin/data/rms_mth.aspx?SelectDate=2026-07-31&reportType=REP,2026-07-18,2026-07-19,IMF,Mid-point
Hong Kong,784.025,HKD,https://www.hkab.org.hk/en/rates/exchange-rates,2026-07-18,2026-07-19,The Hong Kong Association of Banks,"buy, sell"
Cambodia,4037.0,KHR,https://www.tax.gov.kh/en/exchange-rate?for_year=2026&for_month=07,2026-07-18,2026-07-19,National Bank of Cambodia,Official Rate Riel
Lao,22585.0,LAK,https://www.bol.gov.la/en/ExchangRate,2026-07-18,2026-07-19,Bank of the lao P.D.R,"buy, sell"
Myanmar,2100.0,MMK,https://forex.cbm.gov.mm/index.php/fxrate/history,2026-07-18,2026-07-19,Central Bank of Myanmar,only one
Pakistan,278.1,PKR,https://www.nbp.com.pk/RateSheetFiles/NBP-RateSheet-17-07-2026.pdf,2026-07-18,2026-07-19,National Bank of Pakistan,buy
Vietnam,25254.0,VND,https://sbv.gov.vn/vi/t%E1%BB%B7-gi%C3%A1-tham-kh%E1%BA%A3o-gi%E1%BB%AFa-%C4%91%E1%BB%93ng-vi%E1%BB%87t-nam-v%C3%A0-c%C3%A1c-lo%E1%BA%A1i-ngo%E1%BA%A1i-t%E1%BB%87-t%E1%BA%A1i-c%E1%BB%A5c-qu%E1%BA%A3n-l%C3%BD-ngo%E1%BA%A1i-h%E1%BB%91i,2026-07-18,2026-07-19,SBV,"buy, sell"
Sri Lanka,336.3055,LKR,https://www.cbsl.gov.lk/en/rates-and-indicators/exchange-rates/daily-indicative-usd-spot-exchange-rates,2026-07-18,2026-07-19,Central Bank of Sri Lanka,only one(USD->LKR)
Egypt,50.54715,EGP,https://www.cbe.org.eg/en/economic-research/statistics/cbe-exchange-rates/historical-data,2026-07-18,2026-07-19,Central bank of Egypt (CBE),buy sell
Turkey,47.047,TRY,https://www.tcmb.gov.tr/kurlar/202607/17072026.xml,2026-07-18,2026-07-19,Türkiye Cumhuriyet Merkez Bankası (TCMB),"Banknote(buy, sell)"
Indonesia,18041.0,IDR,https://www.bi.go.id/en/statistik/informasi-kurs/transaksi-bi/Default.aspx,2026-07-18,2026-07-19,"bank indonesia, bank sentral republik indonesia","buy, sell"
Bangladesh,123.275,BDT,https://www.bb.org.bd/en/index.php/econdata/exchangerate,2026-07-18,2026-07-19,Bangladesh Bank,"low, high (avg)"
Brunei,1.2905,dollar,https://www.imf.org/external/np/fin/data/rms_mth.aspx?SelectDate=2026-07-31&reportType=REP,2026-07-19,2026-07-20,IMF,Mid-point
China,6.7772,yuan,https://www.imf.org/external/np/fin/data/rms_mth.aspx?SelectDate=2026-07-31&reportType=REP,2026-07-19,2026-07-20,IMF,Mid-point
India,96.3665,rupee,https://www.imf.org/external/np/fin/data/rms_mth.aspx?SelectDate=2026-07-31&reportType=REP,2026-07-19,2026-07-20,IMF,Mid-point
Japan,162.41,yen,https://www.imf.org/external/np/fin/data/rms_mth.aspx?SelectDate=2026-07-31&reportType=REP,2026-07-19,2026-07-20,IMF,Mid-point
Malaysia,4.08,ringgit,https://www.imf.org/external/np/fin/data/rms_mth.aspx?SelectDate=2026-07-31&reportType=REP,2026-07-19,2026-07-20,IMF,Mid-point
Philippines,61.644,peso,https://www.imf.org/external/np/fin/data/rms_mth.aspx?SelectDate=2026-07-31&reportType=REP,2026-07-19,2026-07-20,IMF,Mid-point
Saudi Arabia,3.75,riyal,https://www.imf.org/external/np/fin/data/rms_mth.aspx?SelectDate=2026-07-31&reportType=REP,2026-07-19,2026-07-20,IMF,Mid-point
Singapore,1.2905,dollar,https://www.imf.org/external/np/fin/data/rms_mth.aspx?SelectDate=2026-07-31&reportType=REP,2026-07-19,2026-07-20,IMF,Mid-point
Thailand,33.607,baht,https://www.imf.org/external/np/fin/data/rms_mth.aspx?SelectDate=2026-07-31&reportType=REP,2026-07-19,2026-07-20,IMF,Mid-point
Hong Kong,784.025,HKD,https://www.hkab.org.hk/en/rates/exchange-rates,2026-07-19,2026-07-20,The Hong Kong Association of Banks,"buy, sell"
Cambodia,4037.0,KHR,https://www.tax.gov.kh/en/exchange-rate?for_year=2026&for_month=07,2026-07-19,2026-07-20,National Bank of Cambodia,Official Rate Riel
Lao,22585.0,LAK,https://www.bol.gov.la/en/ExchangRate,2026-07-19,2026-07-20,Bank of the lao P.D.R,"buy, sell"
Myanmar,2100.0,MMK,https://forex.cbm.gov.mm/index.php/fxrate/history,2026-07-19,2026-07-20,Central Bank of Myanmar,only one
Pakistan,278.1,PKR,https://www.nbp.com.pk/RateSheetFiles/NBP-RateSheet-17-07-2026.pdf,2026-07-19,2026-07-20,National Bank of Pakistan,buy
Vietnam,25254.0,VND,https://sbv.gov.vn/vi/t%E1%BB%B7-gi%C3%A1-tham-kh%E1%BA%A3o-gi%E1%BB%AFa-%C4%91%E1%BB%93ng-vi%E1%BB%87t-nam-v%C3%A0-c%C3%A1c-lo%E1%BA%A1i-ngo%E1%BA%A1i-t%E1%BB%87-t%E1%BA%A1i-c%E1%BB%A5c-qu%E1%BA%A3n-l%C3%BD-ngo%E1%BA%A1i-h%E1%BB%91i,2026-07-19,2026-07-20,SBV,"buy, sell"
Sri Lanka,336.3055,LKR,https://www.cbsl.gov.lk/en/rates-and-indicators/exchange-rates/daily-indicative-usd-spot-exchange-rates,2026-07-19,2026-07-20,Central Bank of Sri Lanka,only one(USD->LKR)
Egypt,51.1331,EGP,https://www.cbe.org.eg/en/economic-research/statistics/cbe-exchange-rates/historical-data,2026-07-19,2026-07-20,Central bank of Egypt (CBE),buy sell
Turkey,47.047,TRY,https://www.tcmb.gov.tr/kurlar/202607/17072026.xml,2026-07-19,2026-07-20,Türkiye Cumhuriyet Merkez Bankası (TCMB),"Banknote(buy, sell)"
Indonesia,18064.0,IDR,https://www.bi.go.id/en/statistik/informasi-kurs/transaksi-bi/Default.aspx,2026-07-19,2026-07-20,"bank indonesia, bank sentral republik indonesia","buy, sell"
Bangladesh,123.565,BDT,https://www.bb.org.bd/en/index.php/econdata/exchangerate,2026-07-19,2026-07-20,Bangladesh Bank,"low, high (avg)"
Brunei,1.2905,dollar,https://www.imf.org/external/np/fin/data/rms_mth.aspx?SelectDate=2026-07-31&reportType=REP,2026-07-20,2026-07-21,IMF,Mid-point
China,6.7674,yuan,https://www.imf.org/external/np/fin/data/rms_mth.aspx?SelectDate=2026-07-31&reportType=REP,2026-07-20,2026-07-21,IMF,Mid-point
India,96.512,rupee,https://www.imf.org/external/np/fin/data/rms_mth.aspx?SelectDate=2026-07-31&reportType=REP,2026-07-20,2026-07-21,IMF,Mid-point
Japan,162.41,yen,https://www.imf.org/external/np/fin/data/rms_mth.aspx?SelectDate=2026-07-31&reportType=REP,2026-07-20,2026-07-21,IMF,Mid-point
Malaysia,4.089,ringgit,https://www.imf.org/external/np/fin/data/rms_mth.aspx?SelectDate=2026-07-31&reportType=REP,2026-07-20,2026-07-21,IMF,Mid-point
Philippines,61.587,peso,https://www.imf.org/external/np/fin/data/rms_mth.aspx?SelectDate=2026-07-31&reportType=REP,2026-07-20,2026-07-21,IMF,Mid-point
Saudi Arabia,3.75,riyal,https://www.imf.org/external/np/fin/data/rms_mth.aspx?SelectDate=2026-07-31&reportType=REP,2026-07-20,2026-07-21,IMF,Mid-point
Singapore,1.2905,dollar,https://www.imf.org/external/np/fin/data/rms_mth.aspx?SelectDate=2026-07-31&reportType=REP,2026-07-20,2026-07-21,IMF,Mid-point
Thailand,33.638,baht,https://www.imf.org/external/np/fin/data/rms_mth.aspx?SelectDate=2026-07-31&reportType=REP,2026-07-20,2026-07-21,IMF,Mid-point
Hong Kong,784.025,HKD,https://www.hkab.org.hk/en/rates/exchange-rates,2026-07-20,2026-07-21,The Hong Kong Association of Banks,"buy, sell"
Cambodia,4036.0,KHR,https://www.tax.gov.kh/en/exchange-rate?for_year=2026&for_month=07,2026-07-20,2026-07-21,National Bank of Cambodia,Official Rate Riel
Lao,22607.0,LAK,https://www.bol.gov.la/en/ExchangRate,2026-07-20,2026-07-21,Bank of the lao P.D.R,"buy, sell"
Myanmar,2100.0,MMK,https://forex.cbm.gov.mm/index.php/fxrate/history,2026-07-20,2026-07-21,Central Bank of Myanmar,only one
Pakistan,278.1,PKR,https://www.nbp.com.pk/RateSheetFiles/NBP-RateSheet-20-07-2026.pdf,2026-07-20,2026-07-21,National Bank of Pakistan,buy
Vietnam,25252.0,VND,https://sbv.gov.vn/vi/t%E1%BB%B7-gi%C3%A1-tham-kh%E1%BA%A3o-gi%E1%BB%AFa-%C4%91%E1%BB%93ng-vi%E1%BB%87t-nam-v%C3%A0-c%C3%A1c-lo%E1%BA%A1i-ngo%E1%BA%A1i-t%E1%BB%87-t%E1%BA%A1i-c%E1%BB%A5c-qu%E1%BA%A3n-l%C3%BD-ngo%E1%BA%A1i-h%E1%BB%91i,2026-07-20,2026-07-21,SBV,"buy, sell"
Sri Lanka,336.2321,LKR,https://www.cbsl.gov.lk/en/rates-and-indicators/exchange-rates/daily-indicative-usd-spot-exchange-rates,2026-07-20,2026-07-21,Central Bank of Sri Lanka,only one(USD->LKR)
Egypt,51.0833,EGP,https://www.cbe.org.eg/en/economic-research/statistics/cbe-exchange-rates/historical-data,2026-07-20,2026-07-21,Central bank of Egypt (CBE),buy sell
Turkey,47.15515,TRY,https://www.tcmb.gov.tr/kurlar/202607/20072026.xml,2026-07-20,2026-07-21,Türkiye Cumhuriyet Merkez Bankası (TCMB),"Banknote(buy, sell)"
Indonesia,17944.0,IDR,https://www.bi.go.id/en/statistik/informasi-kurs/transaksi-bi/Default.aspx,2026-07-20,2026-07-21,"bank indonesia, bank sentral republik indonesia","buy, sell"
Bangladesh,123.59,BDT,https://www.bb.org.bd/en/index.php/econdata/exchangerate,2026-07-20,2026-07-21,Bangladesh Bank,"low, high (avg)"
Brunei,1.2905,dollar,https://www.imf.org/external/np/fin/data/rms_mth.aspx?SelectDate=2026-07-31&reportType=REP,2026-07-21,2026-07-22,IMF,Mid-point
China,6.7664,yuan,https://www.imf.org/external/np/fin/data/rms_mth.aspx?SelectDate=2026-07-31&reportType=REP,2026-07-21,2026-07-22,IMF,Mid-point
India,96.2537,rupee,https://www.imf.org/external/np/fin/data/rms_mth.aspx?SelectDate=2026-07-31&reportType=REP,2026-07-21,2026-07-22,IMF,Mid-point
Japan,162.51,yen,https://www.imf.org/external/np/fin/data/rms_mth.aspx?SelectDate=2026-07-31&reportType=REP,2026-07-21,2026-07-22,IMF,Mid-point
Malaysia,4.0895,ringgit,https://www.imf.org/external/np/fin/data/rms_mth.aspx?SelectDate=2026-07-31&reportType=REP,2026-07-21,2026-07-22,IMF,Mid-point
Philippines,61.587,peso,https://www.imf.org/external/np/fin/data/rms_mth.aspx?SelectDate=2026-07-31&reportType=REP,2026-07-21,2026-07-22,IMF,Mid-point
Saudi Arabia,3.75,riyal,https://www.imf.org/external/np/fin/data/rms_mth.aspx?SelectDate=2026-07-31&reportType=REP,2026-07-21,2026-07-22,IMF,Mid-point
Singapore,1.2905,dollar,https://www.imf.org/external/np/fin/data/rms_mth.aspx?SelectDate=2026-07-31&reportType=REP,2026-07-21,2026-07-22,IMF,Mid-point
Thailand,33.636,baht,https://www.imf.org/external/np/fin/data/rms_mth.aspx?SelectDate=2026-07-31&reportType=REP,2026-07-21,2026-07-22,IMF,Mid-point
Hong Kong,784.075,HKD,https://www.hkab.org.hk/en/rates/exchange-rates,2026-07-21,2026-07-22,The Hong Kong Association of Banks,"buy, sell"
Cambodia,4040.0,KHR,https://www.tax.gov.kh/en/exchange-rate?for_year=2026&for_month=07,2026-07-21,2026-07-22,National Bank of Cambodia,Official Rate Riel
Lao,22618.0,LAK,https://www.bol.gov.la/en/ExchangRate,2026-07-21,2026-07-22,Bank of the lao P.D.R,"buy, sell"
Myanmar,2100.0,MMK,https://forex.cbm.gov.mm/index.php/fxrate/history,2026-07-21,2026-07-22,Central Bank of Myanmar,only one
Pakistan,278.1,PKR,https://www.nbp.com.pk/RateSheetFiles/NBP-RateSheet-21-07-2026.pdf,2026-07-21,2026-07-22,National Bank of Pakistan,buy
Vietnam,25260.0,VND,https://sbv.gov.vn/vi/t%E1%BB%B7-gi%C3%A1-tham-kh%E1%BA%A3o-gi%E1%BB%AFa-%C4%91%E1%BB%93ng-vi%E1%BB%87t-nam-v%C3%A0-c%C3%A1c-lo%E1%BA%A1i-ngo%E1%BA%A1i-t%E1%BB%87-t%E1%BA%A1i-c%E1%BB%A5c-qu%E1%BA%A3n-l%C3%BD-ngo%E1%BA%A1i-h%E1%BB%91i,2026-07-21,2026-07-22,SBV,"buy, sell"
Sri Lanka,336.2674,LKR,https://www.cbsl.gov.lk/en/rates-and-indicators/exchange-rates/daily-indicative-usd-spot-exchange-rates,2026-07-21,2026-07-22,Central Bank of Sri Lanka,only one(USD->LKR)
Egypt,51.03265,EGP,https://www.cbe.org.eg/en/economic-research/statistics/cbe-exchange-rates/historical-data,2026-07-21,2026-07-22,Central bank of Egypt (CBE),buy sell
Turkey,47.17475,TRY,https://www.tcmb.gov.tr/kurlar/202607/21072026.xml,2026-07-21,2026-07-22,Türkiye Cumhuriyet Merkez Bankası (TCMB),"Banknote(buy, sell)"
Indonesia,17976.0,IDR,https://www.bi.go.id/en/statistik/informasi-kurs/transaksi-bi/Default.aspx,2026-07-21,2026-07-22,"bank indonesia, bank sentral republik indonesia","buy, sell"
Bangladesh,123.57,BDT,https://www.bb.org.bd/en/index.php/econdata/exchangerate,2026-07-21,2026-07-22,Bangladesh Bank,"low, high (avg)"
Brunei,1.2911,dollar,https://www.imf.org/external/np/fin/data/rms_mth.aspx?SelectDate=2026-07-31&reportType=REP,2026-07-22,2026-07-23,IMF,Mid-point
China,6.7748,yuan,https://www.imf.org/external/np/fin/data/rms_mth.aspx?SelectDate=2026-07-31&reportType=REP,2026-07-22,2026-07-23,IMF,Mid-point
India,96.4745,rupee,https://www.imf.org/external/np/fin/data/rms_mth.aspx?SelectDate=2026-07-31&reportType=REP,2026-07-22,2026-07-23,IMF,Mid-point
Japan,163.15,yen,https://www.imf.org/external/np/fin/data/rms_mth.aspx?SelectDate=2026-07-31&reportType=REP,2026-07-22,2026-07-23,IMF,Mid-point
Malaysia,4.0955,ringgit,https://www.imf.org/external/np/fin/data/rms_mth.aspx?SelectDate=2026-07-31&reportType=REP,2026-07-22,2026-07-23,IMF,Mid-point
Philippines,61.692,peso,https://www.imf.org/external/np/fin/data/rms_mth.aspx?SelectDate=2026-07-31&reportType=REP,2026-07-22,2026-07-23,IMF,Mid-point
Saudi Arabia,3.75,riyal,https://www.imf.org/external/np/fin/data/rms_mth.aspx?SelectDate=2026-07-31&reportType=REP,2026-07-22,2026-07-23,IMF,Mid-point
Singapore,1.2911,dollar,https://www.imf.org/external/np/fin/data/rms_mth.aspx?SelectDate=2026-07-31&reportType=REP,2026-07-22,2026-07-23,IMF,Mid-point
Thailand,33.785,baht,https://www.imf.org/external/np/fin/data/rms_mth.aspx?SelectDate=2026-07-31&reportType=REP,2026-07-22,2026-07-23,IMF,Mid-point
Hong Kong,784.125,HKD,https://www.hkab.org.hk/en/rates/exchange-rates,2026-07-22,2026-07-23,The Hong Kong Association of Banks,"buy, sell"
Cambodia,4040.0,KHR,https://www.tax.gov.kh/en/exchange-rate?for_year=2026&for_month=07,2026-07-22,2026-07-23,National Bank of Cambodia,Official Rate Riel
Lao,22641.0,LAK,https://www.bol.gov.la/en/ExchangRate,2026-07-22,2026-07-23,Bank of the lao P.D.R,"buy, sell"
Myanmar,2100.0,MMK,https://forex.cbm.gov.mm/index.php/fxrate/history,2026-07-22,2026-07-23,Central Bank of Myanmar,only one
Pakistan,278.05,PKR,https://www.nbp.com.pk/RateSheetFiles/NBP-RateSheet-22-07-2026.pdf,2026-07-22,2026-07-23,National Bank of Pakistan,buy
Vietnam,25260.0,VND,https://sbv.gov.vn/vi/t%E1%BB%B7-gi%C3%A1-tham-kh%E1%BA%A3o-gi%E1%BB%AFa-%C4%91%E1%BB%93ng-vi%E1%BB%87t-nam-v%C3%A0-c%C3%A1c-lo%E1%BA%A1i-ngo%E1%BA%A1i-t%E1%BB%87-t%E1%BA%A1i-c%E1%BB%A5c-qu%E1%BA%A3n-l%C3%BD-ngo%E1%BA%A1i-h%E1%BB%91i,2026-07-22,2026-07-23,SBV,"buy, sell"
Sri Lanka,336.3526,LKR,https://www.cbsl.gov.lk/en/rates-and-indicators/exchange-rates/daily-indicative-usd-spot-exchange-rates,2026-07-22,2026-07-23,Central Bank of Sri Lanka,only one(USD->LKR)
Egypt,51.352,EGP,https://www.cbe.org.eg/en/economic-research/statistics/cbe-exchange-rates/historical-data,2026-07-22,2026-07-23,Central bank of Egypt (CBE),buy sell
Turkey,47.19225,TRY,https://www.tcmb.gov.tr/kurlar/202607/22072026.xml,2026-07-22,2026-07-23,Türkiye Cumhuriyet Merkez Bankası (TCMB),"Banknote(buy, sell)"
Indonesia,17909.0,IDR,https://www.bi.go.id/en/statistik/informasi-kurs/transaksi-bi/Default.aspx,2026-07-22,2026-07-23,"bank indonesia, bank sentral republik indonesia","buy, sell"
Bangladesh,123.65,BDT,https://www.bb.org.bd/en/index.php/econdata/exchangerate,2026-07-22,2026-07-23,Bangladesh Bank,"low, high (avg)"
Brunei,1.2893,dollar,https://www.imf.org/external/np/fin/data/rms_mth.aspx?SelectDate=2026-07-31&reportType=REP,2026-07-23,2026-07-24,IMF,Mid-point
China,6.7703,yuan,https://www.imf.org/external/np/fin/data/rms_mth.aspx?SelectDate=2026-07-31&reportType=REP,2026-07-23,2026-07-24,IMF,Mid-point
India,96.5431,rupee,https://www.imf.org/external/np/fin/data/rms_mth.aspx?SelectDate=2026-07-31&reportType=REP,2026-07-23,2026-07-24,IMF,Mid-point
Japan,163.06,yen,https://www.imf.org/external/np/fin/data/rms_mth.aspx?SelectDate=2026-07-31&reportType=REP,2026-07-23,2026-07-24,IMF,Mid-point
Malaysia,4.0865,ringgit,https://www.imf.org/external/np/fin/data/rms_mth.aspx?SelectDate=2026-07-31&reportType=REP,2026-07-23,2026-07-24,IMF,Mid-point
Philippines,61.748,peso,https://www.imf.org/external/np/fin/data/rms_mth.aspx?SelectDate=2026-07-31&reportType=REP,2026-07-23,2026-07-24,IMF,Mid-point
Saudi Arabia,3.75,riyal,https://www.imf.org/external/np/fin/data/rms_mth.aspx?SelectDate=2026-07-31&reportType=REP,2026-07-23,2026-07-24,IMF,Mid-point
Singapore,1.2893,dollar,https://www.imf.org/external/np/fin/data/rms_mth.aspx?SelectDate=2026-07-31&reportType=REP,2026-07-23,2026-07-24,IMF,Mid-point
Thailand,33.804,baht,https://www.imf.org/external/np/fin/data/rms_mth.aspx?SelectDate=2026-07-31&reportType=REP,2026-07-23,2026-07-24,IMF,Mid-point
Hong Kong,784.025,HKD,https://www.hkab.org.hk/en/rates/exchange-rates,2026-07-23,2026-07-24,The Hong Kong Association of Banks,"buy, sell"
Cambodia,4041.0,KHR,https://www.tax.gov.kh/en/exchange-rate?for_year=2026&for_month=07,2026-07-23,2026-07-24,National Bank of Cambodia,Official Rate Riel
Lao,22640.0,LAK,https://www.bol.gov.la/en/ExchangRate,2026-07-23,2026-07-24,Bank of the lao P.D.R,"buy, sell"
Myanmar,2100.0,MMK,https://forex.cbm.gov.mm/index.php/fxrate/history,2026-07-23,2026-07-24,Central Bank of Myanmar,only one
Pakistan,278.05,PKR,https://www.nbp.com.pk/RateSheetFiles/NBP-RateSheet-23-07-2026.pdf,2026-07-23,2026-07-24,National Bank of Pakistan,buy
Vietnam,25272.0,VND,https://sbv.gov.vn/vi/t%E1%BB%B7-gi%C3%A1-tham-kh%E1%BA%A3o-gi%E1%BB%AFa-%C4%91%E1%BB%93ng-vi%E1%BB%87t-nam-v%C3%A0-c%C3%A1c-lo%E1%BA%A1i-ngo%E1%BA%A1i-t%E1%BB%87-t%E1%BA%A1i-c%E1%BB%A5c-qu%E1%BA%A3n-l%C3%BD-ngo%E1%BA%A1i-h%E1%BB%91i,2026-07-23,2026-07-24,SBV,"buy, sell"
Sri Lanka,336.4163,LKR,https://www.cbsl.gov.lk/en/rates-and-indicators/exchange-rates/daily-indicative-usd-spot-exchange-rates,2026-07-23,2026-07-24,Central Bank of Sri Lanka,only one(USD->LKR)
Egypt,51.352,EGP,https://www.cbe.org.eg/en/economic-research/statistics/cbe-exchange-rates/historical-data,2026-07-23,2026-07-24,Central bank of Egypt (CBE),buy sell
Turkey,47.2081,TRY,https://www.tcmb.gov.tr/kurlar/202607/23072026.xml,2026-07-23,2026-07-24,Türkiye Cumhuriyet Merkez Bankası (TCMB),"Banknote(buy, sell)"
Indonesia,17909.0,IDR,https://www.bi.go.id/en/statistik/informasi-kurs/transaksi-bi/Default.aspx,2026-07-23,2026-07-24,"bank indonesia, bank sentral republik indonesia","buy, sell"
Bangladesh,123.75,BDT,https://www.bb.org.bd/en/index.php/econdata/exchangerate,2026-07-23,2026-07-24,Bangladesh Bank,"low, high (avg)"
Brunei,1.2922,dollar,https://www.imf.org/external/np/fin/data/rms_mth.aspx?SelectDate=2026-07-31&reportType=REP,2026-07-24,2026-07-25,IMF,Mid-point
China,6.7752,yuan,https://www.imf.org/external/np/fin/data/rms_mth.aspx?SelectDate=2026-07-31&reportType=REP,2026-07-24,2026-07-25,IMF,Mid-point
India,96.539,rupee,https://www.imf.org/external/np/fin/data/rms_mth.aspx?SelectDate=2026-07-31&reportType=REP,2026-07-24,2026-07-25,IMF,Mid-point
Japan,163.93,yen,https://www.imf.org/external/np/fin/data/rms_mth.aspx?SelectDate=2026-07-31&reportType=REP,2026-07-24,2026-07-25,IMF,Mid-point
Malaysia,4.0935,ringgit,https://www.imf.org/external/np/fin/data/rms_mth.aspx?SelectDate=2026-07-31&reportType=REP,2026-07-24,2026-07-25,IMF,Mid-point
Philippines,61.748,peso,https://www.imf.org/external/np/fin/data/rms_mth.aspx?SelectDate=2026-07-31&reportType=REP,2026-07-24,2026-07-25,IMF,Mid-point
Saudi Arabia,3.75,riyal,https://www.imf.org/external/np/fin/data/rms_mth.aspx?SelectDate=2026-07-31&reportType=REP,2026-07-24,2026-07-25,IMF,Mid-point
Singapore,1.2922,dollar,https://www.imf.org/external/np/fin/data/rms_mth.aspx?SelectDate=2026-07-31&reportType=REP,2026-07-24,2026-07-25,IMF,Mid-point
Thailand,33.791,baht,https://www.imf.org/external/np/fin/data/rms_mth.aspx?SelectDate=2026-07-31&reportType=REP,2026-07-24,2026-07-25,IMF,Mid-point
Hong Kong,784.075,HKD,https://www.hkab.org.hk/en/rates/exchange-rates,2026-07-24,2026-07-25,The Hong Kong Association of Banks,"buy, sell"
Cambodia,4041.0,KHR,https://www.tax.gov.kh/en/exchange-rate?for_year=2026&for_month=07,2026-07-24,2026-07-25,National Bank of Cambodia,Official Rate Riel
Lao,22663.0,LAK,https://www.bol.gov.la/en/ExchangRate,2026-07-24,2026-07-25,Bank of the lao P.D.R,"buy, sell"
Myanmar,2100.0,MMK,https://forex.cbm.gov.mm/index.php/fxrate/history,2026-07-24,2026-07-25,Central Bank of Myanmar,only one
Pakistan,278.05,PKR,https://www.nbp.com.pk/RateSheetFiles/NBP-RateSheet-24-07-2026.pdf,2026-07-24,2026-07-25,National Bank of Pakistan,buy
Vietnam,25283.0,VND,https://sbv.gov.vn/vi/t%E1%BB%B7-gi%C3%A1-tham-kh%E1%BA%A3o-gi%E1%BB%AFa-%C4%91%E1%BB%93ng-vi%E1%BB%87t-nam-v%C3%A0-c%C3%A1c-lo%E1%BA%A1i-ngo%E1%BA%A1i-t%E1%BB%87-t%E1%BA%A1i-c%E1%BB%A5c-qu%E1%BA%A3n-l%C3%BD-ngo%E1%BA%A1i-h%E1%BB%91i,2026-07-24,2026-07-25,SBV,"buy, sell"
Sri Lanka,336.2576,LKR,https://www.cbsl.gov.lk/en/rates-and-indicators/exchange-rates/daily-indicative-usd-spot-exchange-rates,2026-07-24,2026-07-25,Central Bank of Sri Lanka,only one(USD->LKR)
Egypt,51.352,EGP,https://www.cbe.org.eg/en/economic-research/statistics/cbe-exchange-rates/historical-data,2026-07-24,2026-07-25,Central bank of Egypt (CBE),buy sell
Turkey,47.22615,TRY,https://www.tcmb.gov.tr/kurlar/202607/24072026.xml,2026-07-24,2026-07-25,Türkiye Cumhuriyet Merkez Bankası (TCMB),"Banknote(buy, sell)"
Indonesia,17909.0,IDR,https://www.bi.go.id/en/statistik/informasi-kurs/transaksi-bi/Default.aspx,2026-07-24,2026-07-25,"bank indonesia, bank sentral republik indonesia","buy, sell"
Bangladesh,123.75,BDT,https://www.bb.org.bd/en/index.php/econdata/exchangerate,2026-07-24,2026-07-25,Bangladesh Bank,"low, high (avg)"
Brunei,1.2922,dollar,https://www.imf.org/external/np/fin/data/rms_mth.aspx?SelectDate=2026-07-31&reportType=REP,2026-07-25,2026-07-26,IMF,Mid-point
China,6.7752,yuan,https://www.imf.org/external/np/fin/data/rms_mth.aspx?SelectDate=2026-07-31&reportType=REP,2026-07-25,2026-07-26,IMF,Mid-point
India,96.539,rupee,https://www.imf.org/external/np/fin/data/rms_mth.aspx?SelectDate=2026-07-31&reportType=REP,2026-07-25,2026-07-26,IMF,Mid-point
Japan,163.93,yen,https://www.imf.org/external/np/fin/data/rms_mth.aspx?SelectDate=2026-07-31&reportType=REP,2026-07-25,2026-07-26,IMF,Mid-point
Malaysia,4.0935,ringgit,https://www.imf.org/external/np/fin/data/rms_mth.aspx?SelectDate=2026-07-31&reportType=REP,2026-07-25,2026-07-26,IMF,Mid-point
Philippines,61.748,peso,https://www.imf.org/external/np/fin/data/rms_mth.aspx?SelectDate=2026-07-31&reportType=REP,2026-07-25,2026-07-26,IMF,Mid-point
Saudi Arabia,3.75,riyal,https://www.imf.org/external/np/fin/data/rms_mth.aspx?SelectDate=2026-07-31&reportType=REP,2026-07-25,2026-07-26,IMF,Mid-point
Singapore,1.2922,dollar,https://www.imf.org/external/np/fin/data/rms_mth.aspx?SelectDate=2026-07-31&reportType=REP,2026-07-25,2026-07-26,IMF,Mid-point
Thailand,33.791,baht,https://www.imf.org/external/np/fin/data/rms_mth.aspx?SelectDate=2026-07-31&reportType=REP,2026-07-25,2026-07-26,IMF,Mid-point
Hong Kong,784.225,HKD,https://www.hkab.org.hk/en/rates/exchange-rates,2026-07-25,2026-07-26,The Hong Kong Association of Banks,"buy, sell"
Cambodia,4041.0,KHR,https://www.tax.gov.kh/en/exchange-rate?for_year=2026&for_month=07,2026-07-25,2026-07-26,National Bank of Cambodia,Official Rate Riel
Lao,22663.0,LAK,https://www.bol.gov.la/en/ExchangRate,2026-07-25,2026-07-26,Bank of the lao P.D.R,"buy, sell"
Myanmar,2100.0,MMK,https://forex.cbm.gov.mm/index.php/fxrate/history,2026-07-25,2026-07-26,Central Bank of Myanmar,only one
Pakistan,278.05,PKR,https://www.nbp.com.pk/RateSheetFiles/NBP-RateSheet-24-07-2026.pdf,2026-07-25,2026-07-26,National Bank of Pakistan,buy
Vietnam,25283.0,VND,https://sbv.gov.vn/vi/t%E1%BB%B7-gi%C3%A1-tham-kh%E1%BA%A3o-gi%E1%BB%AFa-%C4%91%E1%BB%93ng-vi%E1%BB%87t-nam-v%C3%A0-c%C3%A1c-lo%E1%BA%A1i-ngo%E1%BA%A1i-t%E1%BB%87-t%E1%BA%A1i-c%E1%BB%A5c-qu%E1%BA%A3n-l%C3%BD-ngo%E1%BA%A1i-h%E1%BB%91i,2026-07-25,2026-07-26,SBV,"buy, sell"
Sri Lanka,336.2576,LKR,https://www.cbsl.gov.lk/en/rates-and-indicators/exchange-rates/daily-indicative-usd-spot-exchange-rates,2026-07-25,2026-07-26,Central Bank of Sri Lanka,only one(USD->LKR)
Egypt,51.352,EGP,https://www.cbe.org.eg/en/economic-research/statistics/cbe-exchange-rates/historical-data,2026-07-25,2026-07-26,Central bank of Egypt (CBE),buy sell
Turkey,47.22615,TRY,https://www.tcmb.gov.tr/kurlar/202607/24072026.xml,2026-07-25,2026-07-26,Türkiye Cumhuriyet Merkez Bankası (TCMB),"Banknote(buy, sell)"
Indonesia,17915.0,IDR,https://www.bi.go.id/en/statistik/informasi-kurs/transaksi-bi/Default.aspx,2026-07-25,2026-07-26,"bank indonesia, bank sentral republik indonesia","buy, sell"
Bangladesh,123.75,BDT,https://www.bb.org.bd/en/index.php/econdata/exchangerate,2026-07-25,2026-07-26,Bangladesh Bank,"low, high (avg)"
Brunei,1.2922,dollar,https://www.imf.org/external/np/fin/data/rms_mth.aspx?SelectDate=2026-07-31&reportType=REP,2026-07-26,2026-07-27,IMF,Mid-point
China,6.7752,yuan,https://www.imf.org/external/np/fin/data/rms_mth.aspx?SelectDate=2026-07-31&reportType=REP,2026-07-26,2026-07-27,IMF,Mid-point
India,96.539,rupee,https://www.imf.org/external/np/fin/data/rms_mth.aspx?SelectDate=2026-07-31&reportType=REP,2026-07-26,2026-07-27,IMF,Mid-point
Japan,163.93,yen,https://www.imf.org/external/np/fin/data/rms_mth.aspx?SelectDate=2026-07-31&reportType=REP,2026-07-26,2026-07-27,IMF,Mid-point
Malaysia,4.0935,ringgit,https://www.imf.org/external/np/fin/data/rms_mth.aspx?SelectDate=2026-07-31&reportType=REP,2026-07-26,2026-07-27,IMF,Mid-point
Philippines,61.748,peso,https://www.imf.org/external/np/fin/data/rms_mth.aspx?SelectDate=2026-07-31&reportType=REP,2026-07-26,2026-07-27,IMF,Mid-point
Saudi Arabia,3.75,riyal,https://www.imf.org/external/np/fin/data/rms_mth.aspx?SelectDate=2026-07-31&reportType=REP,2026-07-26,2026-07-27,IMF,Mid-point
Singapore,1.2922,dollar,https://www.imf.org/external/np/fin/data/rms_mth.aspx?SelectDate=2026-07-31&reportType=REP,2026-07-26,2026-07-27,IMF,Mid-point
Thailand,33.791,baht,https://www.imf.org/external/np/fin/data/rms_mth.aspx?SelectDate=2026-07-31&reportType=REP,2026-07-26,2026-07-27,IMF,Mid-point
Hong Kong,784.225,HKD,https://www.hkab.org.hk/en/rates/exchange-rates,2026-07-26,2026-07-27,The Hong Kong Association of Banks,"buy, sell"
Cambodia,4041.0,KHR,https://www.tax.gov.kh/en/exchange-rate?for_year=2026&for_month=07,2026-07-26,2026-07-27,National Bank of Cambodia,Official Rate Riel
Lao,22663.0,LAK,https://www.bol.gov.la/en/ExchangRate,2026-07-26,2026-07-27,Bank of the lao P.D.R,"buy, sell"
Myanmar,2100.0,MMK,https://forex.cbm.gov.mm/index.php/fxrate/history,2026-07-26,2026-07-27,Central Bank of Myanmar,only one
Pakistan,278.05,PKR,https://www.nbp.com.pk/RateSheetFiles/NBP-RateSheet-24-07-2026.pdf,2026-07-26,2026-07-27,National Bank of Pakistan,buy
Vietnam,25283.0,VND,https://sbv.gov.vn/vi/t%E1%BB%B7-gi%C3%A1-tham-kh%E1%BA%A3o-gi%E1%BB%AFa-%C4%91%E1%BB%93ng-vi%E1%BB%87t-nam-v%C3%A0-c%C3%A1c-lo%E1%BA%A1i-ngo%E1%BA%A1i-t%E1%BB%87-t%E1%BA%A1i-c%E1%BB%A5c-qu%E1%BA%A3n-l%C3%BD-ngo%E1%BA%A1i-h%E1%BB%91i,2026-07-26,2026-07-27,SBV,"buy, sell"
Sri Lanka,336.2576,LKR,https://www.cbsl.gov.lk/en/rates-and-indicators/exchange-rates/daily-indicative-usd-spot-exchange-rates,2026-07-26,2026-07-27,Central Bank of Sri Lanka,only one(USD->LKR)
Egypt,51.30915,EGP,https://www.cbe.org.eg/en/economic-research/statistics/cbe-exchange-rates/historical-data,2026-07-26,2026-07-27,Central bank of Egypt (CBE),buy sell
Turkey,47.22615,TRY,https://www.tcmb.gov.tr/kurlar/202607/24072026.xml,2026-07-26,2026-07-27,Türkiye Cumhuriyet Merkez Bankası (TCMB),"Banknote(buy, sell)"
Indonesia,17909.0,IDR,https://www.bi.go.id/en/statistik/informasi-kurs/transaksi-bi/Default.aspx,2026-07-26,2026-07-27,"bank indonesia, bank sentral republik indonesia","buy, sell"
Bangladesh,123.775,BDT,https://www.bb.org.bd/en/index.php/econdata/exchangerate,2026-07-26,2026-07-27,Bangladesh Bank,"low, high (avg)"
Brunei,1.29,dollar,https://www.imf.org/external/np/fin/data/rms_mth.aspx?SelectDate=2026-07-31&reportType=REP,2026-07-27,2026-07-28,IMF,Mid-point
China,6.768,yuan,https://www.imf.org/external/np/fin/data/rms_mth.aspx?SelectDate=2026-07-31&reportType=REP,2026-07-27,2026-07-28,IMF,Mid-point
India,96.1856,rupee,https://www.imf.org/external/np/fin/data/rms_mth.aspx?SelectDate=2026-07-31&reportType=REP,2026-07-27,2026-07-28,IMF,Mid-point
Japan,163.65,yen,https://www.imf.org/external/np/fin/data/rms_mth.aspx?SelectDate=2026-07-31&reportType=REP,2026-07-27,2026-07-28,IMF,Mid-point
Malaysia,4.084,ringgit,https://www.imf.org/external/np/fin/data/rms_mth.aspx?SelectDate=2026-07-31&reportType=REP,2026-07-27,2026-07-28,IMF,Mid-point
Philippines,61.841,peso,https://www.imf.org/external/np/fin/data/rms_mth.aspx?SelectDate=2026-07-31&reportType=REP,2026-07-27,2026-07-28,IMF,Mid-point
Saudi Arabia,3.75,riyal,https://www.imf.org/external/np/fin/data/rms_mth.aspx?SelectDate=2026-07-31&reportType=REP,2026-07-27,2026-07-28,IMF,Mid-point
Singapore,1.29,dollar,https://www.imf.org/external/np/fin/data/rms_mth.aspx?SelectDate=2026-07-31&reportType=REP,2026-07-27,2026-07-28,IMF,Mid-point
Thailand,33.546,baht,https://www.imf.org/external/np/fin/data/rms_mth.aspx?SelectDate=2026-07-31&reportType=REP,2026-07-27,2026-07-28,IMF,Mid-point
Hong Kong,784.2,HKD,https://www.hkab.org.hk/en/rates/exchange-rates,2026-07-27,2026-07-28,The Hong Kong Association of Banks,"buy, sell"
Cambodia,4041.0,KHR,https://www.tax.gov.kh/en/exchange-rate?for_year=2026&for_month=07,2026-07-27,2026-07-28,National Bank of Cambodia,Official Rate Riel
Lao,22661.0,LAK,https://www.bol.gov.la/en/ExchangRate,2026-07-27,2026-07-28,Bank of the lao P.D.R,"buy, sell"
Myanmar,2100.0,MMK,https://forex.cbm.gov.mm/index.php/fxrate/history,2026-07-27,2026-07-28,Central Bank of Myanmar,only one
Pakistan,278.0,PKR,https://www.nbp.com.pk/RateSheetFiles/NBP-RateSheet-27-07-2026.pdf,2026-07-27,2026-07-28,National Bank of Pakistan,buy
Vietnam,25293.0,VND,https://sbv.gov.vn/vi/t%E1%BB%B7-gi%C3%A1-tham-kh%E1%BA%A3o-gi%E1%BB%AFa-%C4%91%E1%BB%93ng-vi%E1%BB%87t-nam-v%C3%A0-c%C3%A1c-lo%E1%BA%A1i-ngo%E1%BA%A1i-t%E1%BB%87-t%E1%BA%A1i-c%E1%BB%A5c-qu%E1%BA%A3n-l%C3%BD-ngo%E1%BA%A1i-h%E1%BB%91i,2026-07-27,2026-07-28,SBV,"buy, sell"
Sri Lanka,336.4163,LKR,https://www.cbsl.gov.lk/en/rates-and-indicators/exchange-rates/daily-indicative-usd-spot-exchange-rates,2026-07-27,2026-07-28,Central Bank of Sri Lanka,only one(USD->LKR)
Egypt,50.7238,EGP,https://www.cbe.org.eg/en/economic-research/statistics/cbe-exchange-rates/historical-data,2026-07-27,2026-07-28,Central bank of Egypt (CBE),buy sell
Turkey,47.3297,TRY,https://www.tcmb.gov.tr/kurlar/202607/27072026.xml,2026-07-27,2026-07-28,Türkiye Cumhuriyet Merkez Bankası (TCMB),"Banknote(buy, sell)"
Indonesia,17973.0,IDR,https://www.bi.go.id/en/statistik/informasi-kurs/transaksi-bi/Default.aspx,2026-07-27,2026-07-28,"bank indonesia, bank sentral republik indonesia","buy, sell"
Bangladesh,123.805,BDT,https://www.bb.org.bd/en/index.php/econdata/exchangerate,2026-07-27,2026-07-28,Bangladesh Bank,"low, high (avg)"
Brunei,1.2922,dollar,https://www.imf.org/external/np/fin/data/rms_mth.aspx?SelectDate=2026-07-31&reportType=REP,2026-07-28,2026-07-29,IMF,Mid-point
China,6.7683,yuan,https://www.imf.org/external/np/fin/data/rms_mth.aspx?SelectDate=2026-07-31&reportType=REP,2026-07-28,2026-07-29,IMF,Mid-point
India,95.7954,rupee,https://www.imf.org/external/np/fin/data/rms_mth.aspx?SelectDate=2026-07-31&reportType=REP,2026-07-28,2026-07-29,IMF,Mid-point
Japan,163.8,yen,https://www.imf.org/external/np/fin/data/rms_mth.aspx?SelectDate=2026-07-31&reportType=REP,2026-07-28,2026-07-29,IMF,Mid-point
Malaysia,4.0865,ringgit,https://www.imf.org/external/np/fin/data/rms_mth.aspx?SelectDate=2026-07-31&reportType=REP,2026-07-28,2026-07-29,IMF,Mid-point
Philippines,61.713,peso,https://www.imf.org/external/np/fin/data/rms_mth.aspx?SelectDate=2026-07-31&reportType=REP,2026-07-28,2026-07-29,IMF,Mid-point
Saudi Arabia,3.75,riyal,https://www.imf.org/external/np/fin/data/rms_mth.aspx?SelectDate=2026-07-31&reportType=REP,2026-07-28,2026-07-29,IMF,Mid-point
Singapore,1.2922,dollar,https://www.imf.org/external/np/fin/data/rms_mth.aspx?SelectDate=2026-07-31&reportType=REP,2026-07-28,2026-07-29,IMF,Mid-point
Thailand,33.546,baht,https://www.imf.org/external/np/fin/data/rms_mth.aspx?SelectDate=2026-07-31&reportType=REP,2026-07-28,2026-07-29,IMF,Mid-point
Hong Kong,784.2,HKD,https://www.hkab.org.hk/en/rates/exchange-rates,2026-07-28,2026-07-29,The Hong Kong Association of Banks,"buy, sell"
Cambodia,4042.0,KHR,https://www.tax.gov.kh/en/exchange-rate?for_year=2026&for_month=07,2026-07-28,2026-07-29,National Bank of Cambodia,Official Rate Riel
Lao,22672.0,LAK,https://www.bol.gov.la/en/ExchangRate,2026-07-28,2026-07-29,Bank of the lao P.D.R,"buy, sell"
Myanmar,2100.0,MMK,https://forex.cbm.gov.mm/index.php/fxrate/history,2026-07-28,2026-07-29,Central Bank of Myanmar,only one
Pakistan,278.0,PKR,https://www.nbp.com.pk/RateSheetFiles/NBP-RateSheet-28-07-2026.pdf,2026-07-28,2026-07-29,National Bank of Pakistan,buy
Vietnam,25306.0,VND,https://sbv.gov.vn/vi/t%E1%BB%B7-gi%C3%A1-tham-kh%E1%BA%A3o-gi%E1%BB%AFa-%C4%91%E1%BB%93ng-vi%E1%BB%87t-nam-v%C3%A0-c%C3%A1c-lo%E1%BA%A1i-ngo%E1%BA%A1i-t%E1%BB%87-t%E1%BA%A1i-c%E1%BB%A5c-qu%E1%BA%A3n-l%C3%BD-ngo%E1%BA%A1i-h%E1%BB%91i,2026-07-28,2026-07-29,SBV,"buy, sell"
Sri Lanka,336.2512,LKR,https://www.cbsl.gov.lk/en/rates-and-indicators/exchange-rates/daily-indicative-usd-spot-exchange-rates,2026-07-28,2026-07-29,Central Bank of Sri Lanka,only one(USD->LKR)
Egypt,50.531,EGP,https://www.cbe.org.eg/en/economic-research/statistics/cbe-exchange-rates/historical-data,2026-07-28,2026-07-29,Central bank of Egypt (CBE),buy sell
Turkey,47.35145,TRY,https://www.tcmb.gov.tr/kurlar/202607/28072026.xml,2026-07-28,2026-07-29,Türkiye Cumhuriyet Merkez Bankası (TCMB),"Banknote(buy, sell)"
Indonesia,17995.0,IDR,https://www.bi.go.id/en/statistik/informasi-kurs/transaksi-bi/Default.aspx,2026-07-28,2026-07-29,"bank indonesia, bank sentral republik indonesia","buy, sell"
Bangladesh,123.81,BDT,https://www.bb.org.bd/en/index.php/econdata/exchangerate,2026-07-28,2026-07-29,Bangladesh Bank,"low, high (avg)"
Brunei,1.2923,dollar,https://www.imf.org/external/np/fin/data/rms_mth.aspx?SelectDate=2026-07-31&reportType=REP,2026-07-29,2026-07-30,IMF,Mid-point
China,6.7666,yuan,https://www.imf.org/external/np/fin/data/rms_mth.aspx?SelectDate=2026-07-31&reportType=REP,2026-07-29,2026-07-30,IMF,Mid-point
India,95.717,rupee,https://www.imf.org/external/np/fin/data/rms_mth.aspx?SelectDate=2026-07-31&reportType=REP,2026-07-29,2026-07-30,IMF,Mid-point
Japan,163.68,yen,https://www.imf.org/external/np/fin/data/rms_mth.aspx?SelectDate=2026-07-31&reportType=REP,2026-07-29,2026-07-30,IMF,Mid-point
Malaysia,4.0895,ringgit,https://www.imf.org/external/np/fin/data/rms_mth.aspx?SelectDate=2026-07-31&reportType=REP,2026-07-29,2026-07-30,IMF,Mid-point
Philippines,61.675,peso,https://www.imf.org/external/np/fin/data/rms_mth.aspx?SelectDate=2026-07-31&reportType=REP,2026-07-29,2026-07-30,IMF,Mid-point
Saudi Arabia,3.75,riyal,https://www.imf.org/external/np/fin/data/rms_mth.aspx?SelectDate=2026-07-31&reportType=REP,2026-07-29,2026-07-30,IMF,Mid-point
Singapore,1.2923,dollar,https://www.imf.org/external/np/fin/data/rms_mth.aspx?SelectDate=2026-07-31&reportType=REP,2026-07-29,2026-07-30,IMF,Mid-point
Thailand,33.546,baht,https://www.imf.org/external/np/fin/data/rms_mth.aspx?SelectDate=2026-07-31&reportType=REP,2026-07-29,2026-07-30,IMF,Mid-point
Hong Kong,784.125,HKD,https://www.hkab.org.hk/en/rates/exchange-rates,2026-07-29,2026-07-30,The Hong Kong Association of Banks,"buy, sell"
Cambodia,4042.0,KHR,https://www.tax.gov.kh/en/exchange-rate?for_year=2026&for_month=07,2026-07-29,2026-07-30,National Bank of Cambodia,Official Rate Riel
Lao,22666.0,LAK,https://www.bol.gov.la/en/ExchangRate,2026-07-29,2026-07-30,Bank of the lao P.D.R,"buy, sell"
Myanmar,2100.0,MMK,https://forex.cbm.gov.mm/index.php/fxrate/history,2026-07-29,2026-07-30,Central Bank of Myanmar,only one
Pakistan,278.0,PKR,https://www.nbp.com.pk/RateSheetFiles/NBP-RateSheet-29-07-2026.pdf,2026-07-29,2026-07-30,National Bank of Pakistan,buy
Vietnam,25306.0,VND,https://sbv.gov.vn/vi/t%E1%BB%B7-gi%C3%A1-tham-kh%E1%BA%A3o-gi%E1%BB%AFa-%C4%91%E1%BB%93ng-vi%E1%BB%87t-nam-v%C3%A0-c%C3%A1c-lo%E1%BA%A1i-ngo%E1%BA%A1i-t%E1%BB%87-t%E1%BA%A1i-c%E1%BB%A5c-qu%E1%BA%A3n-l%C3%BD-ngo%E1%BA%A1i-h%E1%BB%91i,2026-07-29,2026-07-30,SBV,"buy, sell"
Sri Lanka,336.2512,LKR,https://www.cbsl.gov.lk/en/rates-and-indicators/exchange-rates/daily-indicative-usd-spot-exchange-rates,2026-07-29,2026-07-30,Central Bank of Sri Lanka,only one(USD->LKR)
Egypt,50.71254999999999,EGP,https://www.cbe.org.eg/en/economic-research/statistics/cbe-exchange-rates/historical-data,2026-07-29,2026-07-30,Central bank of Egypt (CBE),buy sell
Turkey,47.3691,TRY,https://www.tcmb.gov.tr/kurlar/202607/29072026.xml,2026-07-29,2026-07-30,Türkiye Cumhuriyet Merkez Bankası (TCMB),"Banknote(buy, sell)"
Indonesia,18088.0,IDR,https://www.bi.go.id/en/statistik/informasi-kurs/transaksi-bi/Default.aspx,2026-07-29,2026-07-30,"bank indonesia, bank sentral republik indonesia","buy, sell"
Bangladesh,123.81,BDT,https://www.bb.org.bd/en/index.php/econdata/exchangerate,2026-07-29,2026-07-30,Bangladesh Bank,"low, high (avg)"
Brunei,1.2902,dollar,https://www.imf.org/external/np/fin/data/rms_mth.aspx?SelectDate=2026-07-31&reportType=REP,2026-07-30,2026-07-31,IMF,Mid-point
China,6.7573,yuan,https://www.imf.org/external/np/fin/data/rms_mth.aspx?SelectDate=2026-07-31&reportType=REP,2026-07-30,2026-07-31,IMF,Mid-point
India,95.7327,rupee,https://www.imf.org/external/np/fin/data/rms_mth.aspx?SelectDate=2026-07-31&reportType=REP,2026-07-30,2026-07-31,IMF,Mid-point
Japan,163.43,yen,https://www.imf.org/external/np/fin/data/rms_mth.aspx?SelectDate=2026-07-31&reportType=REP,2026-07-30,2026-07-31,IMF,Mid-point
Malaysia,4.0875,ringgit,https://www.imf.org/external/np/fin/data/rms_mth.aspx?SelectDate=2026-07-31&reportType=REP,2026-07-30,2026-07-31,IMF,Mid-point
Philippines,61.484,peso,https://www.imf.org/external/np/fin/data/rms_mth.aspx?SelectDate=2026-07-31&reportType=REP,2026-07-30,2026-07-31,IMF,Mid-point
Saudi Arabia,3.75,riyal,https://www.imf.org/external/np/fin/data/rms_mth.aspx?SelectDate=2026-07-31&reportType=REP,2026-07-30,2026-07-31,IMF,Mid-point
Singapore,1.2902,dollar,https://www.imf.org/external/np/fin/data/rms_mth.aspx?SelectDate=2026-07-31&reportType=REP,2026-07-30,2026-07-31,IMF,Mid-point
Thailand,33.577,baht,https://www.imf.org/external/np/fin/data/rms_mth.aspx?SelectDate=2026-07-31&reportType=REP,2026-07-30,2026-07-31,IMF,Mid-point
Hong Kong,784.225,HKD,https://www.hkab.org.hk/en/rates/exchange-rates,2026-07-30,2026-07-31,The Hong Kong Association of Banks,"buy, sell"
Cambodia,4043.0,KHR,https://www.tax.gov.kh/en/exchange-rate?for_year=2026&for_month=07,2026-07-30,2026-07-31,National Bank of Cambodia,Official Rate Riel
Lao,22643.0,LAK,https://www.bol.gov.la/en/ExchangRate,2026-07-30,2026-07-31,Bank of the lao P.D.R,"buy, sell"
Myanmar,2100.0,MMK,https://forex.cbm.gov.mm/index.php/fxrate/history,2026-07-30,2026-07-31,Central Bank of Myanmar,only one
Pakistan,277.95,PKR,https://www.nbp.com.pk/RateSheetFiles/NBP-RateSheet-30-07-2026.pdf,2026-07-30,2026-07-31,National Bank of Pakistan,buy
Vietnam,25320.0,VND,https://sbv.gov.vn/vi/t%E1%BB%B7-gi%C3%A1-tham-kh%E1%BA%A3o-gi%E1%BB%AFa-%C4%91%E1%BB%93ng-vi%E1%BB%87t-nam-v%C3%A0-c%C3%A1c-lo%E1%BA%A1i-ngo%E1%BA%A1i-t%E1%BB%87-t%E1%BA%A1i-c%E1%BB%A5c-qu%E1%BA%A3n-l%C3%BD-ngo%E1%BA%A1i-h%E1%BB%91i,2026-07-30,2026-07-31,SBV,"buy, sell"
Sri Lanka,336.1785,LKR,https://www.cbsl.gov.lk/en/rates-and-indicators/exchange-rates/daily-indicative-usd-spot-exchange-rates,2026-07-30,2026-07-31,Central Bank of Sri Lanka,only one(USD->LKR)
Egypt,51.14755,EGP,https://www.cbe.org.eg/en/economic-research/statistics/cbe-exchange-rates/historical-data,2026-07-30,2026-07-31,Central bank of Egypt (CBE),buy sell
Turkey,47.389,TRY,https://www.tcmb.gov.tr/kurlar/202607/30072026.xml,2026-07-30,2026-07-31,Türkiye Cumhuriyet Merkez Bankası (TCMB),"Banknote(buy, sell)"
Indonesia,18087.0,IDR,https://www.bi.go.id/en/statistik/informasi-kurs/transaksi-bi/Default.aspx,2026-07-30,2026-07-31,"bank indonesia, bank sentral republik indonesia","buy, sell"
Bangladesh,123.82,BDT,https://www.bb.org.bd/en/index.php/econdata/exchangerate,2026-07-30,2026-07-31,Bangladesh Bank,"low, high (avg)"
Brunei,1.2838,dollar,https://www.imf.org/external/np/fin/data/rms_mth.aspx?SelectDate=2026-07-31&reportType=REP,2026-07-31,2026-08-01,IMF,Mid-point
China,6.7469,yuan,https://www.imf.org/external/np/fin/data/rms_mth.aspx?SelectDate=2026-07-31&reportType=REP,2026-07-31,2026-08-01,IMF,Mid-point
India,95.3706,rupee,https://www.imf.org/external/np/fin/data/rms_mth.aspx?SelectDate=2026-07-31&reportType=REP,2026-07-31,2026-08-01,IMF,Mid-point
Japan,160.64,yen,https://www.imf.org/external/np/fin/data/rms_mth.aspx?SelectDate=2026-07-31&reportType=REP,2026-07-31,2026-08-01,IMF,Mid-point
Malaysia,4.09,ringgit,https://www.imf.org/external/np/fin/data/rms_mth.aspx?SelectDate=2026-07-31&reportType=REP,2026-07-31,2026-08-01,IMF,Mid-point
Philippines,61.432,peso,https://www.imf.org/external/np/fin/data/rms_mth.aspx?SelectDate=2026-07-31&reportType=REP,2026-07-31,2026-08-01,IMF,Mid-point
Saudi Arabia,3.75,riyal,https://www.imf.org/external/np/fin/data/rms_mth.aspx?SelectDate=2026-07-31&reportType=REP,2026-07-31,2026-08-01,IMF,Mid-point
Singapore,1.2838,dollar,https://www.imf.org/external/np/fin/data/rms_mth.aspx?SelectDate=2026-07-31&reportType=REP,2026-07-31,2026-08-01,IMF,Mid-point
Thailand,33.415,baht,https://www.imf.org/external/np/fin/data/rms_mth.aspx?SelectDate=2026-07-31&reportType=REP,2026-07-31,2026-08-01,IMF,Mid-point
Hong Kong,784.325,HKD,https://www.hkab.org.hk/en/rates/exchange-rates,2026-07-31,2026-08-01,The Hong Kong Association of Banks,"buy, sell"
Cambodia,4043.0,KHR,https://www.tax.gov.kh/en/exchange-rate?for_year=2026&for_month=07,2026-07-31,2026-08-01,National Bank of Cambodia,Official Rate Riel
Lao,22614.0,LAK,https://www.bol.gov.la/en/ExchangRate,2026-07-31,2026-08-01,Bank of the lao P.D.R,"buy, sell"
Myanmar,2100.0,MMK,https://forex.cbm.gov.mm/index.php/fxrate/history,2026-07-31,2026-08-01,Central Bank of Myanmar,only one
Pakistan,277.95,PKR,https://www.nbp.com.pk/RateSheetFiles/NBP-RateSheet-31-07-2026.pdf,2026-07-31,2026-08-01,National Bank of Pakistan,buy
Vietnam,25338.0,VND,https://sbv.gov.vn/vi/t%E1%BB%B7-gi%C3%A1-tham-kh%E1%BA%A3o-gi%E1%BB%AFa-%C4%91%E1%BB%93ng-vi%E1%BB%87t-nam-v%C3%A0-c%C3%A1c-lo%E1%BA%A1i-ngo%E1%BA%A1i-t%E1%BB%87-t%E1%BA%A1i-c%E1%BB%A5c-qu%E1%BA%A3n-l%C3%BD-ngo%E1%BA%A1i-h%E1%BB%91i,2026-07-31,2026-08-01,SBV,"buy, sell"
Sri Lanka,336.0466,LKR,https://www.cbsl.gov.lk/en/rates-and-indicators/exchange-rates/daily-indicative-usd-spot-exchange-rates,2026-07-31,2026-08-01,Central Bank of Sri Lanka,only one(USD->LKR)
Egypt,51.14755,EGP,https://www.cbe.org.eg/en/economic-research/statistics/cbe-exchange-rates/historical-data,2026-07-31,2026-08-01,Central bank of Egypt (CBE),buy sell
Turkey,47.4069,TRY,https://www.tcmb.gov.tr/kurlar/202607/31072026.xml,2026-07-31,2026-08-01,Türkiye Cumhuriyet Merkez Bankası (TCMB),"Banknote(buy, sell)"
Indonesia,18078.0,IDR,https://www.bi.go.id/en/statistik/informasi-kurs/transaksi-bi/Default.aspx,2026-07-31,2026-08-01,"bank indonesia, bank sentral republik indonesia","buy, sell"
Bangladesh,123.82,BDT,https://www.bb.org.bd/en/index.php/econdata/exchangerate,2026-07-31,2026-08-01,Bangladesh Bank,"low, high (avg)"
Brunei,1.2838,dollar,https://www.imf.org/external/np/fin/data/rms_mth.aspx?SelectDate=2026-07-31&reportType=REP,2026-08-01,2026-08-02,IMF,Mid-point
China,6.7469,yuan,https://www.imf.org/external/np/fin/data/rms_mth.aspx?SelectDate=2026-07-31&reportType=REP,2026-08-01,2026-08-02,IMF,Mid-point
India,95.3706,rupee,https://www.imf.org/external/np/fin/data/rms_mth.aspx?SelectDate=2026-07-31&reportType=REP,2026-08-01,2026-08-02,IMF,Mid-point
Japan,160.64,yen,https://www.imf.org/external/np/fin/data/rms_mth.aspx?SelectDate=2026-07-31&reportType=REP,2026-08-01,2026-08-02,IMF,Mid-point
Malaysia,4.09,ringgit,https://www.imf.org/external/np/fin/data/rms_mth.aspx?SelectDate=2026-07-31&reportType=REP,2026-08-01,2026-08-02,IMF,Mid-point
Philippines,61.432,peso,https://www.imf.org/external/np/fin/data/rms_mth.aspx?SelectDate=2026-07-31&reportType=REP,2026-08-01,2026-08-02,IMF,Mid-point
Saudi Arabia,3.75,riyal,https://www.imf.org/external/np/fin/data/rms_mth.aspx?SelectDate=2026-07-31&reportType=REP,2026-08-01,2026-08-02,IMF,Mid-point
Singapore,1.2838,dollar,https://www.imf.org/external/np/fin/data/rms_mth.aspx?SelectDate=2026-07-31&reportType=REP,2026-08-01,2026-08-02,IMF,Mid-point
Thailand,33.415,baht,https://www.imf.org/external/np/fin/data/rms_mth.aspx?SelectDate=2026-07-31&reportType=REP,2026-08-01,2026-08-02,IMF,Mid-point
Hong Kong,784.225,HKD,https://www.hkab.org.hk/en/rates/exchange-rates,2026-08-01,2026-08-02,The Hong Kong Association of Banks,"buy, sell"
Cambodia,4043.0,KHR,https://www.tax.gov.kh/en/exchange-rate?for_year=2026&for_month=07,2026-08-01,2026-08-02,National Bank of Cambodia,Official Rate Riel
Lao,22614.0,LAK,https://www.bol.gov.la/en/ExchangRate,2026-08-01,2026-08-02,Bank of the lao P.D.R,"buy, sell"
Myanmar,2100.0,MMK,https://forex.cbm.gov.mm/index.php/fxrate/history,2026-08-01,2026-08-02,Central Bank of Myanmar,only one
Pakistan,277.95,PKR,https://www.nbp.com.pk/RateSheetFiles/NBP-RateSheet-31-07-2026.pdf,2026-08-01,2026-08-02,National Bank of Pakistan,buy
Vietnam,25338.0,VND,https://sbv.gov.vn/vi/t%E1%BB%B7-gi%C3%A1-tham-kh%E1%BA%A3o-gi%E1%BB%AFa-%C4%91%E1%BB%93ng-vi%E1%BB%87t-nam-v%C3%A0-c%C3%A1c-lo%E1%BA%A1i-ngo%E1%BA%A1i-t%E1%BB%87-t%E1%BA%A1i-c%E1%BB%A5c-qu%E1%BA%A3n-l%C3%BD-ngo%E1%BA%A1i-h%E1%BB%91i,2026-08-01,2026-08-02,SBV,"buy, sell"
Sri Lanka,336.0466,LKR,https://www.cbsl.gov.lk/en/rates-and-indicators/exchange-rates/daily-indicative-usd-spot-exchange-rates,2026-08-01,2026-08-02,Central Bank of Sri Lanka,only one(USD->LKR)
Egypt,51.14755,EGP,https://www.cbe.org.eg/en/economic-research/statistics/cbe-exchange-rates/historical-data,2026-08-01,2026-08-02,Central bank of Egypt (CBE),buy sell
Turkey,47.4069,TRY,https://www.tcmb.gov.tr/kurlar/202607/31072026.xml,2026-08-01,2026-08-02,Türkiye Cumhuriyet Merkez Bankası (TCMB),"Banknote(buy, sell)"
Indonesia,18078.0,IDR,https://www.bi.go.id/en/statistik/informasi-kurs/transaksi-bi/Default.aspx,2026-08-01,2026-08-02,"bank indonesia, bank sentral republik indonesia","buy, sell"
Bangladesh,123.82,BDT,https://www.bb.org.bd/en/index.php/econdata/exchangerate,2026-08-01,2026-08-02,Bangladesh Bank,"low, high (avg)"
Brunei,1.2838,dollar,https://www.imf.org/external/np/fin/data/rms_mth.aspx?SelectDate=2026-07-31&reportType=REP,2026-08-02,2026-08-03,IMF,Mid-point
China,6.7469,yuan,https://www.imf.org/external/np/fin/data/rms_mth.aspx?SelectDate=2026-07-31&reportType=REP,2026-08-02,2026-08-03,IMF,Mid-point
India,95.3706,rupee,https://www.imf.org/external/np/fin/data/rms_mth.aspx?SelectDate=2026-07-31&reportType=REP,2026-08-02,2026-08-03,IMF,Mid-point
Japan,160.64,yen,https://www.imf.org/external/np/fin/data/rms_mth.aspx?SelectDate=2026-07-31&reportType=REP,2026-08-02,2026-08-03,IMF,Mid-point
Malaysia,4.09,ringgit,https://www.imf.org/external/np/fin/data/rms_mth.aspx?SelectDate=2026-07-31&reportType=REP,2026-08-02,2026-08-03,IMF,Mid-point
Philippines,61.432,peso,https://www.imf.org/external/np/fin/data/rms_mth.aspx?SelectDate=2026-07-31&reportType=REP,2026-08-02,2026-08-03,IMF,Mid-point
Saudi Arabia,3.75,riyal,https://www.imf.org/external/np/fin/data/rms_mth.aspx?SelectDate=2026-07-31&reportType=REP,2026-08-02,2026-08-03,IMF,Mid-point
Singapore,1.2838,dollar,https://www.imf.org/external/np/fin/data/rms_mth.aspx?SelectDate=2026-07-31&reportType=REP,2026-08-02,2026-08-03,IMF,Mid-point
Thailand,33.415,baht,https://www.imf.org/external/np/fin/data/rms_mth.aspx?SelectDate=2026-07-31&reportType=REP,2026-08-02,2026-08-03,IMF,Mid-point
Hong Kong,784.225,HKD,https://www.hkab.org.hk/en/rates/exchange-rates,2026-08-02,2026-08-03,The Hong Kong Association of Banks,"buy, sell"
Cambodia,4043.0,KHR,https://www.tax.gov.kh/en/exchange-rate?for_year=2026&for_month=07,2026-08-02,2026-08-03,National Bank of Cambodia,Official Rate Riel
Lao,22614.0,LAK,https://www.bol.gov.la/en/ExchangRate,2026-08-02,2026-08-03,Bank of the lao P.D.R,"buy, sell"
Myanmar,2100.0,MMK,https://forex.cbm.gov.mm/index.php/fxrate/history,2026-08-02,2026-08-03,Central Bank of Myanmar,only one
Pakistan,277.95,PKR,https://www.nbp.com.pk/RateSheetFiles/NBP-RateSheet-31-07-2026.pdf,2026-08-02,2026-08-03,National Bank of Pakistan,buy
Vietnam,25338.0,VND,https://sbv.gov.vn/vi/t%E1%BB%B7-gi%C3%A1-tham-kh%E1%BA%A3o-gi%E1%BB%AFa-%C4%91%E1%BB%93ng-vi%E1%BB%87t-nam-v%C3%A0-c%C3%A1c-lo%E1%BA%A1i-ngo%E1%BA%A1i-t%E1%BB%87-t%E1%BA%A1i-c%E1%BB%A5c-qu%E1%BA%A3n-l%C3%BD-ngo%E1%BA%A1i-h%E1%BB%91i,2026-08-02,2026-08-03,SBV,"buy, sell"
Sri Lanka,336.0466,LKR,https://www.cbsl.gov.lk/en/rates-and-indicators/exchange-rates/daily-indicative-usd-spot-exchange-rates,2026-08-02,2026-08-03,Central Bank of Sri Lanka,only one(USD->LKR)
Egypt,50.41515,EGP,https://www.cbe.org.eg/en/economic-research/statistics/cbe-exchange-rates/historical-data,2026-08-02,2026-08-03,Central bank of Egypt (CBE),buy sell
Turkey,47.4069,TRY,https://www.tcmb.gov.tr/kurlar/202607/31072026.xml,2026-08-02,2026-08-03,Türkiye Cumhuriyet Merkez Bankası (TCMB),"Banknote(buy, sell)"
Indonesia,18078.0,IDR,https://www.bi.go.id/en/statistik/informasi-kurs/transaksi-bi/Default.aspx,2026-08-02,2026-08-03,"bank indonesia, bank sentral republik indonesia","buy, sell"
Bangladesh,123.81,BDT,https://www.bb.org.bd/en/index.php/econdata/exchangerate,2026-08-02,2026-08-03,Bangladesh Bank,"low, high (avg)"
Brunei,1.2819,dollar,https://www.imf.org/external/np/fin/data/rms_mth.aspx?SelectDate=2026-08-31&reportType=REP,2026-08-03,2026-08-04,IMF,Mid-point
China,6.7528,yuan,https://www.imf.org/external/np/fin/data/rms_mth.aspx?SelectDate=2026-08-31&reportType=REP,2026-08-03,2026-08-04,IMF,Mid-point
India,95.2601,rupee,https://www.imf.org/external/np/fin/data/rms_mth.aspx?SelectDate=2026-08-31&reportType=REP,2026-08-03,2026-08-04,IMF,Mid-point
Japan,156.5,yen,https://www.imf.org/external/np/fin/data/rms_mth.aspx?SelectDate=2026-08-31&reportType=REP,2026-08-03,2026-08-04,IMF,Mid-point
Malaysia,4.092,ringgit,https://www.imf.org/external/np/fin/data/rms_mth.aspx?SelectDate=2026-08-31&reportType=REP,2026-08-03,2026-08-04,IMF,Mid-point
Philippines,61.327,peso,https://www.imf.org/external/np/fin/data/rms_mth.aspx?SelectDate=2026-08-31&reportType=REP,2026-08-03,2026-08-04,IMF,Mid-point
Saudi Arabia,3.75,riyal,https://www.imf.org/external/np/fin/data/rms_mth.aspx?SelectDate=2026-08-31&reportType=REP,2026-08-03,2026-08-04,IMF,Mid-point
Singapore,1.2819,dollar,https://www.imf.org/external/np/fin/data/rms_mth.aspx?SelectDate=2026-08-31&reportType=REP,2026-08-03,2026-08-04,IMF,Mid-point
Thailand,33.33,baht,https://www.imf.org/external/np/fin/data/rms_mth.aspx?SelectDate=2026-08-31&reportType=REP,2026-08-03,2026-08-04,IMF,Mid-point
Hong Kong,784.225,HKD,https://www.hkab.org.hk/en/rates/exchange-rates,2026-08-03,2026-08-04,The Hong Kong Association of Banks,"buy, sell"
Cambodia,4047.0,KHR,https://www.tax.gov.kh/en/exchange-rate?for_year=2026&for_month=08,2026-08-03,2026-08-04,National Bank of Cambodia,Official Rate Riel
Lao,22598.0,LAK,https://www.bol.gov.la/en/ExchangRate,2026-08-03,2026-08-04,Bank of the lao P.D.R,"buy, sell"
Myanmar,2100.0,MMK,https://forex.cbm.gov.mm/index.php/fxrate/history,2026-08-03,2026-08-04,Central Bank of Myanmar,only one
Pakistan,277.95,PKR,https://www.nbp.com.pk/RateSheetFiles/NBP-RateSheet-03-08-2026.pdf,2026-08-03,2026-08-04,National Bank of Pakistan,buy
Vietnam,25358.0,VND,https://sbv.gov.vn/vi/t%E1%BB%B7-gi%C3%A1-tham-kh%E1%BA%A3o-gi%E1%BB%AFa-%C4%91%E1%BB%93ng-vi%E1%BB%87t-nam-v%C3%A0-c%C3%A1c-lo%E1%BA%A1i-ngo%E1%BA%A1i-t%E1%BB%87-t%E1%BA%A1i-c%E1%BB%A5c-qu%E1%BA%A3n-l%C3%BD-ngo%E1%BA%A1i-h%E1%BB%91i,2026-08-03,2026-08-04,SBV,"buy, sell"
Sri Lanka,335.7776,LKR,https://www.cbsl.gov.lk/en/rates-and-indicators/exchange-rates/daily-indicative-usd-spot-exchange-rates,2026-08-03,2026-08-04,Central Bank of Sri Lanka,only one(USD->LKR)
Egypt,50.23425,EGP,https://www.cbe.org.eg/en/economic-research/statistics/cbe-exchange-rates/historical-data,2026-08-03,2026-08-04,Central bank of Egypt (CBE),buy sell
Turkey,47.5115,TRY,https://www.tcmb.gov.tr/kurlar/202608/03082026.xml,2026-08-03,2026-08-04,Türkiye Cumhuriyet Merkez Bankası (TCMB),"Banknote(buy, sell)"
Indonesia,18058.0,IDR,https://www.bi.go.id/en/statistik/informasi-kurs/transaksi-bi/Default.aspx,2026-08-03,2026-08-04,"bank indonesia, bank sentral republik indonesia","buy, sell"
Bangladesh,123.815,BDT,https://www.bb.org.bd/en/index.php/econdata/exchangerate,2026-08-03,2026-08-04,Bangladesh Bank,"low, high (avg)"
Brunei,1.2829,dollar,https://www.imf.org/external/np/fin/data/rms_mth.aspx?SelectDate=2026-08-31&reportType=REP,2026-08-04,2026-08-05,IMF,Mid-point
China,6.7526,yuan,https://www.imf.org/external/np/fin/data/rms_mth.aspx?SelectDate=2026-08-31&reportType=REP,2026-08-04,2026-08-05,IMF,Mid-point
India,95.3487,rupee,https://www.imf.org/external/np/fin/data/rms_mth.aspx?SelectDate=2026-08-31&reportType=REP,2026-08-04,2026-08-05,IMF,Mid-point
Japan,157.48,yen,https://www.imf.org/external/np/fin/data/rms_mth.aspx?SelectDate=2026-08-31&reportType=REP,2026-08-04,2026-08-05,IMF,Mid-point
Malaysia,4.0945,ringgit,https://www.imf.org/external/np/fin/data/rms_mth.aspx?SelectDate=2026-08-31&reportType=REP,2026-08-04,2026-08-05,IMF,Mid-point
Philippines,60.978,peso,https://www.imf.org/external/np/fin/data/rms_mth.aspx?SelectDate=2026-08-31&reportType=REP,2026-08-04,2026-08-05,IMF,Mid-point
Saudi Arabia,3.75,riyal,https://www.imf.org/external/np/fin/data/rms_mth.aspx?SelectDate=2026-08-31&reportType=REP,2026-08-04,2026-08-05,IMF,Mid-point
Singapore,1.2829,dollar,https://www.imf.org/external/np/fin/data/rms_mth.aspx?SelectDate=2026-08-31&reportType=REP,2026-08-04,2026-08-05,IMF,Mid-point
Thailand,33.416,baht,https://www.imf.org/external/np/fin/data/rms_mth.aspx?SelectDate=2026-08-31&reportType=REP,2026-08-04,2026-08-05,IMF,Mid-point
Hong Kong,784.225,HKD,https://www.hkab.org.hk/en/rates/exchange-rates,2026-08-04,2026-08-05,The Hong Kong Association of Banks,"buy, sell"
Cambodia,4051.0,KHR,https://www.tax.gov.kh/en/exchange-rate?for_year=2026&for_month=08,2026-08-04,2026-08-05,National Bank of Cambodia,Official Rate Riel
Lao,22602.0,LAK,https://www.bol.gov.la/en/ExchangRate,2026-08-04,2026-08-05,Bank of the lao P.D.R,"buy, sell"
Myanmar,2100.0,MMK,https://forex.cbm.gov.mm/index.php/fxrate/history,2026-08-04,2026-08-05,Central Bank of Myanmar,only one
Pakistan,277.9,PKR,https://www.nbp.com.pk/RateSheetFiles/NBP-RateSheet-04-08-2026.pdf,2026-08-04,2026-08-05,National Bank of Pakistan,buy
Vietnam,25380.0,VND,https://sbv.gov.vn/vi/t%E1%BB%B7-gi%C3%A1-tham-kh%E1%BA%A3o-gi%E1%BB%AFa-%C4%91%E1%BB%93ng-vi%E1%BB%87t-nam-v%C3%A0-c%C3%A1c-lo%E1%BA%A1i-ngo%E1%BA%A1i-t%E1%BB%87-t%E1%BA%A1i-c%E1%BB%A5c-qu%E1%BA%A3n-l%C3%BD-ngo%E1%BA%A1i-h%E1%BB%91i,2026-08-04,2026-08-05,SBV,"buy, sell"
Sri Lanka,335.7173,LKR,https://www.cbsl.gov.lk/en/rates-and-indicators/exchange-rates/daily-indicative-usd-spot-exchange-rates,2026-08-04,2026-08-05,Central Bank of Sri Lanka,only one(USD->LKR)
Egypt,50.2871,EGP,https://www.cbe.org.eg/en/economic-research/statistics/cbe-exchange-rates/historical-data,2026-08-04,2026-08-05,Central bank of Egypt (CBE),buy sell
Turkey,47.53125,TRY,https://www.tcmb.gov.tr/kurlar/202608/04082026.xml,2026-08-04,2026-08-05,Türkiye Cumhuriyet Merkez Bankası (TCMB),"Banknote(buy, sell)"
Indonesia,17991.0,IDR,https://www.bi.go.id/en/statistik/informasi-kurs/transaksi-bi/Default.aspx,2026-08-04,2026-08-05,"bank indonesia, bank sentral republik indonesia","buy, sell"
Bangladesh,123.81,BDT,https://www.bb.org.bd/en/index.php/econdata/exchangerate,2026-08-04,2026-08-05,Bangladesh Bank,"low, high (avg)"
Turkey,47.5499,TRY,https://www.tcmb.gov.tr/kurlar/202608/05082026.xml,2026-08-05,2026-08-06,Türkiye Cumhuriyet Merkez Bankası (TCMB),"Banknote(buy, sell)"
Brunei,1.281,dollar,https://www.imf.org/external/np/fin/data/rms_mth.aspx?SelectDate=2026-08-31&reportType=REP,2026-08-05,2026-08-06,IMF,Mid-point
China,6.7475,yuan,https://www.imf.org/external/np/fin/data/rms_mth.aspx?SelectDate=2026-08-31&reportType=REP,2026-08-05,2026-08-06,IMF,Mid-point
India,95.1237,rupee,https://www.imf.org/external/np/fin/data/rms_mth.aspx?SelectDate=2026-08-31&reportType=REP,2026-08-05,2026-08-06,IMF,Mid-point
Japan,157.54,yen,https://www.imf.org/external/np/fin/data/rms_mth.aspx?SelectDate=2026-08-31&reportType=REP,2026-08-05,2026-08-06,IMF,Mid-point
Malaysia,4.0915,ringgit,https://www.imf.org/external/np/fin/data/rms_mth.aspx?SelectDate=2026-08-31&reportType=REP,2026-08-05,2026-08-06,IMF,Mid-point
Philippines,61.045,peso,https://www.imf.org/external/np/fin/data/rms_mth.aspx?SelectDate=2026-08-31&reportType=REP,2026-08-05,2026-08-06,IMF,Mid-point
Saudi Arabia,3.75,riyal,https://www.imf.org/external/np/fin/data/rms_mth.aspx?SelectDate=2026-08-31&reportType=REP,2026-08-05,2026-08-06,IMF,Mid-point
Singapore,1.281,dollar,https://www.imf.org/external/np/fin/data/rms_mth.aspx?SelectDate=2026-08-31&reportType=REP,2026-08-05,2026-08-06,IMF,Mid-point
Thailand,33.198,baht,https://www.imf.org/external/np/fin/data/rms_mth.aspx?SelectDate=2026-08-31&reportType=REP,2026-08-05,2026-08-06,IMF,Mid-point
Hong Kong,784.275,HKD,https://www.hkab.org.hk/en/rates/exchange-rates,2026-08-05,2026-08-06,The Hong Kong Association of Banks,"buy, sell"
Cambodia,4053.0,KHR,https://www.tax.gov.kh/en/exchange-rate?for_year=2026&for_month=08,2026-08-05,2026-08-06,National Bank of Cambodia,Official Rate Riel
Lao,22592.0,LAK,https://www.bol.gov.la/en/ExchangRate,2026-08-05,2026-08-06,Bank of the lao P.D.R,"buy, sell"
Myanmar,2100.0,MMK,https://forex.cbm.gov.mm/index.php/fxrate/history,2026-08-05,2026-08-06,Central Bank of Myanmar,only one
Pakistan,277.9,PKR,https://www.nbp.com.pk/RateSheetFiles/NBP-RateSheet-05-08-2026.pdf,2026-08-05,2026-08-06,National Bank of Pakistan,buy
Vietnam,25405.0,VND,https://sbv.gov.vn/vi/t%E1%BB%B7-gi%C3%A1-tham-kh%E1%BA%A3o-gi%E1%BB%AFa-%C4%91%E1%BB%93ng-vi%E1%BB%87t-nam-v%C3%A0-c%C3%A1c-lo%E1%BA%A1i-ngo%E1%BA%A1i-t%E1%BB%87-t%E1%BA%A1i-c%E1%BB%A5c-qu%E1%BA%A3n-l%C3%BD-ngo%E1%BA%A1i-h%E1%BB%91i,2026-08-05,2026-08-06,SBV,"buy, sell"
Sri Lanka,335.7284,LKR,https://www.cbsl.gov.lk/en/rates-and-indicators/exchange-rates/daily-indicative-usd-spot-exchange-rates,2026-08-05,2026-08-06,Central Bank of Sri Lanka,only one(USD->LKR)
Egypt,49.8175,EGP,https://www.cbe.org.eg/en/economic-research/statistics/cbe-exchange-rates/historical-data,2026-08-05,2026-08-06,Central bank of Egypt (CBE),buy sell
Indonesia,18037.0,IDR,https://www.bi.go.id/en/statistik/informasi-kurs/transaksi-bi/Default.aspx,2026-08-05,2026-08-06,"bank indonesia, bank sentral republik indonesia","buy, sell"
Bangladesh,123.81,BDT,https://www.bb.org.bd/en/index.php/econdata/exchangerate,2026-08-05,2026-08-06,Bangladesh Bank,"low, high (avg)"
Brunei,1.2811,dollar,https://www.imf.org/external/np/fin/data/rms_mth.aspx?SelectDate=2026-08-31&reportType=REP,2026-08-06,2026-08-07,IMF,Mid-point
China,6.7506,yuan,https://www.imf.org/external/np/fin/data/rms_mth.aspx?SelectDate=2026-08-31&reportType=REP,2026-08-06,2026-08-07,IMF,Mid-point
India,95.2053,rupee,https://www.imf.org/external/np/fin/data/rms_mth.aspx?SelectDate=2026-08-31&reportType=REP,2026-08-06,2026-08-07,IMF,Mid-point
Japan,157.73,yen,https://www.imf.org/external/np/fin/data/rms_mth.aspx?SelectDate=2026-08-31&reportType=REP,2026-08-06,2026-08-07,IMF,Mid-point
Malaysia,4.0875,ringgit,https://www.imf.org/external/np/fin/data/rms_mth.aspx?SelectDate=2026-08-31&reportType=REP,2026-08-06,2026-08-07,IMF,Mid-point
Philippines,60.853,peso,https://www.imf.org/external/np/fin/data/rms_mth.aspx?SelectDate=2026-08-31&reportType=REP,2026-08-06,2026-08-07,IMF,Mid-point
Saudi Arabia,3.75,riyal,https://www.imf.org/external/np/fin/data/rms_mth.aspx?SelectDate=2026-08-31&reportType=REP,2026-08-06,2026-08-07,IMF,Mid-point
Singapore,1.2811,dollar,https://www.imf.org/external/np/fin/data/rms_mth.aspx?SelectDate=2026-08-31&reportType=REP,2026-08-06,2026-08-07,IMF,Mid-point
Thailand,33.065,baht,https://www.imf.org/external/np/fin/data/rms_mth.aspx?SelectDate=2026-08-31&reportType=REP,2026-08-06,2026-08-07,IMF,Mid-point
Hong Kong,784.375,HKD,https://www.hkab.org.hk/en/rates/exchange-rates,2026-08-06,2026-08-07,The Hong Kong Association of Banks,"buy, sell"
Cambodia,4055.0,KHR,https://www.tax.gov.kh/en/exchange-rate?for_year=2026&for_month=08,2026-08-06,2026-08-07,National Bank of Cambodia,Official Rate Riel
Myanmar,2100.0,MMK,https://forex.cbm.gov.mm/index.php/fxrate/history,2026-08-06,2026-08-07,Central Bank of Myanmar,only one
Pakistan,277.9,PKR,https://www.nbp.com.pk/RateSheetFiles/NBP-RateSheet-06-08-2026.pdf,2026-08-06,2026-08-07,National Bank of Pakistan,buy
Vietnam,25433.0,VND,https://sbv.gov.vn/vi/t%E1%BB%B7-gi%C3%A1-tham-kh%E1%BA%A3o-gi%E1%BB%AFa-%C4%91%E1%BB%93ng-vi%E1%BB%87t-nam-v%C3%A0-c%C3%A1c-lo%E1%BA%A1i-ngo%E1%BA%A1i-t%E1%BB%87-t%E1%BA%A1i-c%E1%BB%A5c-qu%E1%BA%A3n-l%C3%BD-ngo%E1%BA%A1i-h%E1%BB%91i,2026-08-06,2026-08-07,SBV,"buy, sell"
Sri Lanka,335.5988,LKR,https://www.cbsl.gov.lk/en/rates-and-indicators/exchange-rates/daily-indicative-usd-spot-exchange-rates,2026-08-06,2026-08-07,Central Bank of Sri Lanka,only one(USD->LKR)
Egypt,49.78775,EGP,https://www.cbe.org.eg/en/economic-research/statistics/cbe-exchange-rates/historical-data,2026-08-06,2026-08-07,Central bank of Egypt (CBE),buy sell
Turkey,47.5674,TRY,https://www.tcmb.gov.tr/kurlar/202608/06082026.xml,2026-08-06,2026-08-07,Türkiye Cumhuriyet Merkez Bankası (TCMB),"Banknote(buy, sell)"
Indonesia,17937.0,IDR,https://www.bi.go.id/en/statistik/informasi-kurs/transaksi-bi/Default.aspx,2026-08-06,2026-08-07,"bank indonesia, bank sentral republik indonesia","buy, sell"
Bangladesh,123.81,BDT,https://www.bb.org.bd/en/index.php/econdata/exchangerate,2026-08-06,2026-08-07,Bangladesh Bank,"low, high (avg)"
Lao,22575.0,LAK,https://www.bol.gov.la/en/ExchangRate,2026-08-06,2026-08-07,Bank of the lao P.D.R,"buy, sell"
Brunei,1.2824,dollar,https://www.imf.org/external/np/fin/data/rms_mth.aspx?SelectDate=2026-08-31&reportType=REP,2026-08-07,2026-08-08,IMF,Mid-point
China,6.747,yuan,https://www.imf.org/external/np/fin/data/rms_mth.aspx?SelectDate=2026-08-31&reportType=REP,2026-08-07,2026-08-08,IMF,Mid-point
India,95.2135,rupee,https://www.imf.org/external/np/fin/data/rms_mth.aspx?SelectDate=2026-08-31&reportType=REP,2026-08-07,2026-08-08,IMF,Mid-point
Japan,158.56,yen,https://www.imf.org/external/np/fin/data/rms_mth.aspx?SelectDate=2026-08-31&reportType=REP,2026-08-07,2026-08-08,IMF,Mid-point
Malaysia,4.0905,ringgit,https://www.imf.org/external/np/fin/data/rms_mth.aspx?SelectDate=2026-08-31&reportType=REP,2026-08-07,2026-08-08,IMF,Mid-point
Philippines,60.702,peso,https://www.imf.org/external/np/fin/data/rms_mth.aspx?SelectDate=2026-08-31&reportType=REP,2026-08-07,2026-08-08,IMF,Mid-point
Saudi Arabia,3.75,riyal,https://www.imf.org/external/np/fin/data/rms_mth.aspx?SelectDate=2026-08-31&reportType=REP,2026-08-07,2026-08-08,IMF,Mid-point
Singapore,1.2824,dollar,https://www.imf.org/external/np/fin/data/rms_mth.aspx?SelectDate=2026-08-31&reportType=REP,2026-08-07,2026-08-08,IMF,Mid-point
Thailand,33.108,baht,https://www.imf.org/external/np/fin/data/rms_mth.aspx?SelectDate=2026-08-31&reportType=REP,2026-08-07,2026-08-08,IMF,Mid-point
Hong Kong,784.475,HKD,https://www.hkab.org.hk/en/rates/exchange-rates,2026-08-07,2026-08-08,The Hong Kong Association of Banks,"buy, sell"
Cambodia,4054.0,KHR,https://www.tax.gov.kh/en/exchange-rate?for_year=2026&for_month=08,2026-08-07,2026-08-08,National Bank of Cambodia,Official Rate Riel
Myanmar,2100.0,MMK,https://forex.cbm.gov.mm/index.php/fxrate/history,2026-08-07,2026-08-08,Central Bank of Myanmar,only one
Pakistan,277.85,PKR,https://www.nbp.com.pk/RateSheetFiles/NBP-RateSheet-07-08-2026.pdf,2026-08-07,2026-08-08,National Bank of Pakistan,buy
Vietnam,25433.0,VND,https://sbv.gov.vn/vi/t%E1%BB%B7-gi%C3%A1-tham-kh%E1%BA%A3o-gi%E1%BB%AFa-%C4%91%E1%BB%93ng-vi%E1%BB%87t-nam-v%C3%A0-c%C3%A1c-lo%E1%BA%A1i-ngo%E1%BA%A1i-t%E1%BB%87-t%E1%BA%A1i-c%E1%BB%A5c-qu%E1%BA%A3n-l%C3%BD-ngo%E1%BA%A1i-h%E1%BB%91i,2026-08-07,2026-08-08,SBV,"buy, sell"
Sri Lanka,335.4267,LKR,https://www.cbsl.gov.lk/en/rates-and-indicators/exchange-rates/daily-indicative-usd-spot-exchange-rates,2026-08-07,2026-08-08,Central Bank of Sri Lanka,only one(USD->LKR)
Egypt,49.78775,EGP,https://www.cbe.org.eg/en/economic-research/statistics/cbe-exchange-rates/historical-data,2026-08-07,2026-08-08,Central bank of Egypt (CBE),buy sell
Turkey,47.58475,TRY,https://www.tcmb.gov.tr/kurlar/202608/07082026.xml,2026-08-07,2026-08-08,Türkiye Cumhuriyet Merkez Bankası (TCMB),"Banknote(buy, sell)"
Indonesia,17919.0,IDR,https://www.bi.go.id/en/statistik/informasi-kurs/transaksi-bi/Default.aspx,2026-08-07,2026-08-08,"bank indonesia, bank sentral republik indonesia","buy, sell"
Bangladesh,123.81,BDT,https://www.bb.org.bd/en/index.php/econdata/exchangerate,2026-08-07,2026-08-08,Bangladesh Bank,"low, high (avg)"
Lao,22581.0,LAK,https://www.bol.gov.la/en/ExchangRate,2026-08-07,2026-08-08,Bank of the lao P.D.R,"buy, sell"
Brunei,1.2824,dollar,https://www.imf.org/external/np/fin/data/rms_mth.aspx?SelectDate=2026-08-31&reportType=REP,2026-08-08,2026-08-09,IMF,Mid-point
China,6.747,yuan,https://www.imf.org/external/np/fin/data/rms_mth.aspx?SelectDate=2026-08-31&reportType=REP,2026-08-08,2026-08-09,IMF,Mid-point
India,95.2135,rupee,https://www.imf.org/external/np/fin/data/rms_mth.aspx?SelectDate=2026-08-31&reportType=REP,2026-08-08,2026-08-09,IMF,Mid-point
Japan,158.56,yen,https://www.imf.org/external/np/fin/data/rms_mth.aspx?SelectDate=2026-08-31&reportType=REP,2026-08-08,2026-08-09,IMF,Mid-point
Malaysia,4.0905,ringgit,https://www.imf.org/external/np/fin/data/rms_mth.aspx?SelectDate=2026-08-31&reportType=REP,2026-08-08,2026-08-09,IMF,Mid-point
Philippines,60.702,peso,https://www.imf.org/external/np/fin/data/rms_mth.aspx?SelectDate=2026-08-31&reportType=REP,2026-08-08,2026-08-09,IMF,Mid-point
Saudi Arabia,3.75,riyal,https://www.imf.org/external/np/fin/data/rms_mth.aspx?SelectDate=2026-08-31&reportType=REP,2026-08-08,2026-08-09,IMF,Mid-point
Singapore,1.2824,dollar,https://www.imf.org/external/np/fin/data/rms_mth.aspx?SelectDate=2026-08-31&reportType=REP,2026-08-08,2026-08-09,IMF,Mid-point
Thailand,33.108,baht,https://www.imf.org/external/np/fin/data/rms_mth.aspx?SelectDate=2026-08-31&reportType=REP,2026-08-08,2026-08-09,IMF,Mid-point
Hong Kong,784.525,HKD,https://www.hkab.org.hk/en/rates/exchange-rates,2026-08-08,2026-08-09,The Hong Kong Association of Banks,"buy, sell"
Cambodia,4054.0,KHR,https://www.tax.gov.kh/en/exchange-rate?for_year=2026&for_month=08,2026-08-08,2026-08-09,National Bank of Cambodia,Official Rate Riel
Myanmar,2100.0,MMK,https://forex.cbm.gov.mm/index.php/fxrate/history,2026-08-08,2026-08-09,Central Bank of Myanmar,only one
Pakistan,277.85,PKR,https://www.nbp.com.pk/RateSheetFiles/NBP-RateSheet-07-08-2026.pdf,2026-08-08,2026-08-09,National Bank of Pakistan,buy
Vietnam,25433.0,VND,https://sbv.gov.vn/vi/t%E1%BB%B7-gi%C3%A1-tham-kh%E1%BA%A3o-gi%E1%BB%AFa-%C4%91%E1%BB%93ng-vi%E1%BB%87t-nam-v%C3%A0-c%C3%A1c-lo%E1%BA%A1i-ngo%E1%BA%A1i-t%E1%BB%87-t%E1%BA%A1i-c%E1%BB%A5c-qu%E1%BA%A3n-l%C3%BD-ngo%E1%BA%A1i-h%E1%BB%91i,2026-08-08,2026-08-09,SBV,"buy, sell"
Sri Lanka,335.4267,LKR,https://www.cbsl.gov.lk/en/rates-and-indicators/exchange-rates/daily-indicative-usd-spot-exchange-rates,2026-08-08,2026-08-09,Central Bank of Sri Lanka,only one(USD->LKR)
Egypt,49.78775,EGP,https://www.cbe.org.eg/en/economic-research/statistics/cbe-exchange-rates/historical-data,2026-08-08,2026-08-09,Central bank of Egypt (CBE),buy sell
Turkey,47.58475,TRY,https://www.tcmb.gov.tr/kurlar/202608/07082026.xml,2026-08-08,2026-08-09,Türkiye Cumhuriyet Merkez Bankası (TCMB),"Banknote(buy, sell)"
Indonesia,17919.0,IDR,https://www.bi.go.id/en/statistik/informasi-kurs/transaksi-bi/Default.aspx,2026-08-08,2026-08-09,"bank indonesia, bank sentral republik indonesia","buy, sell"
Bangladesh,123.81,BDT,https://www.bb.org.bd/en/index.php/econdata/exchangerate,2026-08-08,2026-08-09,Bangladesh Bank,"low, high (avg)"
Lao,22581.0,LAK,https://www.bol.gov.la/en/ExchangRate,2026-08-08,2026-08-09,Bank of the lao P.D.R,"buy, sell"
Brunei,1.2824,dollar,https://www.imf.org/external/np/fin/data/rms_mth.aspx?SelectDate=2026-08-31&reportType=REP,2026-08-09,2026-08-10,IMF,Mid-point
China,6.747,yuan,https://www.imf.org/external/np/fin/data/rms_mth.aspx?SelectDate=2026-08-31&reportType=REP,2026-08-09,2026-08-10,IMF,Mid-point
India,95.2135,rupee,https://www.imf.org/external/np/fin/data/rms_mth.aspx?SelectDate=2026-08-31&reportType=REP,2026-08-09,2026-08-10,IMF,Mid-point
Japan,158.56,yen,https://www.imf.org/external/np/fin/data/rms_mth.aspx?SelectDate=2026-08-31&reportType=REP,2026-08-09,2026-08-10,IMF,Mid-point
Malaysia,4.0905,ringgit,https://www.imf.org/external/np/fin/data/rms_mth.aspx?SelectDate=2026-08-31&reportType=REP,2026-08-09,2026-08-10,IMF,Mid-point
Philippines,60.702,peso,https://www.imf.org/external/np/fin/data/rms_mth.aspx?SelectDate=2026-08-31&reportType=REP,2026-08-09,2026-08-10,IMF,Mid-point
Saudi Arabia,3.75,riyal,https://www.imf.org/external/np/fin/data/rms_mth.aspx?SelectDate=2026-08-31&reportType=REP,2026-08-09,2026-08-10,IMF,Mid-point
Singapore,1.2824,dollar,https://www.imf.org/external/np/fin/data/rms_mth.aspx?SelectDate=2026-08-31&reportType=REP,2026-08-09,2026-08-10,IMF,Mid-point
Thailand,33.108,baht,https://www.imf.org/external/np/fin/data/rms_mth.aspx?SelectDate=2026-08-31&reportType=REP,2026-08-09,2026-08-10,IMF,Mid-point
Hong Kong,784.525,HKD,https://www.hkab.org.hk/en/rates/exchange-rates,2026-08-09,2026-08-10,The Hong Kong Association of Banks,"buy, sell"
Cambodia,4054.0,KHR,https://www.tax.gov.kh/en/exchange-rate?for_year=2026&for_month=08,2026-08-09,2026-08-10,National Bank of Cambodia,Official Rate Riel
Lao,22581.0,LAK,https://www.bol.gov.la/en/ExchangRate,2026-08-09,2026-08-10,Bank of the lao P.D.R,"buy, sell"
Myanmar,2100.0,MMK,https://forex.cbm.gov.mm/index.php/fxrate/history,2026-08-09,2026-08-10,Central Bank of Myanmar,only one
Pakistan,277.85,PKR,https://www.nbp.com.pk/RateSheetFiles/NBP-RateSheet-07-08-2026.pdf,2026-08-09,2026-08-10,National Bank of Pakistan,buy
Vietnam,25433.0,VND,https://sbv.gov.vn/vi/t%E1%BB%B7-gi%C3%A1-tham-kh%E1%BA%A3o-gi%E1%BB%AFa-%C4%91%E1%BB%93ng-vi%E1%BB%87t-nam-v%C3%A0-c%C3%A1c-lo%E1%BA%A1i-ngo%E1%BA%A1i-t%E1%BB%87-t%E1%BA%A1i-c%E1%BB%A5c-qu%E1%BA%A3n-l%C3%BD-ngo%E1%BA%A1i-h%E1%BB%91i,2026-08-09,2026-08-10,SBV,"buy, sell"
Sri Lanka,335.4267,LKR,https://www.cbsl.gov.lk/en/rates-and-indicators/exchange-rates/daily-indicative-usd-spot-exchange-rates,2026-08-09,2026-08-10,Central Bank of Sri Lanka,only one(USD->LKR)
Egypt,49.8591,EGP,https://www.cbe.org.eg/en/economic-research/statistics/cbe-exchange-rates/historical-data,2026-08-09,2026-08-10,Central bank of Egypt (CBE),buy sell
Turkey,47.58475,TRY,https://www.tcmb.gov.tr/kurlar/202608/07082026.xml,2026-08-09,2026-08-10,Türkiye Cumhuriyet Merkez Bankası (TCMB),"Banknote(buy, sell)"
Indonesia,17919.0,IDR,https://www.bi.go.id/en/statistik/informasi-kurs/transaksi-bi/Default.aspx,2026-08-09,2026-08-10,"bank indonesia, bank sentral republik indonesia","buy, sell"
Bangladesh,123.78,BDT,https://www.bb.org.bd/en/index.php/econdata/exchangerate,2026-08-09,2026-08-10,Bangladesh Bank,"low, high (avg)"
Brunei,1.2824,dollar,https://www.imf.org/external/np/fin/data/rms_mth.aspx?SelectDate=2026-08-31&reportType=REP,2026-08-10,2026-08-11,IMF,Mid-point
China,6.7446,yuan,https://www.imf.org/external/np/fin/data/rms_mth.aspx?SelectDate=2026-08-31&reportType=REP,2026-08-10,2026-08-11,IMF,Mid-point
India,95.256,rupee,https://www.imf.org/external/np/fin/data/rms_mth.aspx?SelectDate=2026-08-31&reportType=REP,2026-08-10,2026-08-11,IMF,Mid-point
Japan,157.94,yen,https://www.imf.org/external/np/fin/data/rms_mth.aspx?SelectDate=2026-08-31&reportType=REP,2026-08-10,2026-08-11,IMF,Mid-point
Malaysia,4.089,ringgit,https://www.imf.org/external/np/fin/data/rms_mth.aspx?SelectDate=2026-08-31&reportType=REP,2026-08-10,2026-08-11,IMF,Mid-point
Philippines,60.968,peso,https://www.imf.org/external/np/fin/data/rms_mth.aspx?SelectDate=2026-08-31&reportType=REP,2026-08-10,2026-08-11,IMF,Mid-point
Saudi Arabia,3.75,riyal,https://www.imf.org/external/np/fin/data/rms_mth.aspx?SelectDate=2026-08-31&reportType=REP,2026-08-10,2026-08-11,IMF,Mid-point
Singapore,1.2824,dollar,https://www.imf.org/external/np/fin/data/rms_mth.aspx?SelectDate=2026-08-31&reportType=REP,2026-08-10,2026-08-11,IMF,Mid-point
Thailand,32.999,baht,https://www.imf.org/external/np/fin/data/rms_mth.aspx?SelectDate=2026-08-31&reportType=REP,2026-08-10,2026-08-11,IMF,Mid-point
Hong Kong,784.525,HKD,https://www.hkab.org.hk/en/rates/exchange-rates,2026-08-10,2026-08-11,The Hong Kong Association of Banks,"buy, sell"
Cambodia,4053.0,KHR,https://www.tax.gov.kh/en/exchange-rate?for_year=2026&for_month=08,2026-08-10,2026-08-11,National Bank of Cambodia,Official Rate Riel
Myanmar,2100.0,MMK,https://forex.cbm.gov.mm/index.php/fxrate/history,2026-08-10,2026-08-11,Central Bank of Myanmar,only one
Pakistan,277.85,PKR,https://www.nbp.com.pk/RateSheetFiles/NBP-RateSheet-10-08-2026.pdf,2026-08-10,2026-08-11,National Bank of Pakistan,buy
Vietnam,25491.0,VND,https://sbv.gov.vn/vi/t%E1%BB%B7-gi%C3%A1-tham-kh%E1%BA%A3o-gi%E1%BB%AFa-%C4%91%E1%BB%93ng-vi%E1%BB%87t-nam-v%C3%A0-c%C3%A1c-lo%E1%BA%A1i-ngo%E1%BA%A1i-t%E1%BB%87-t%E1%BA%A1i-c%E1%BB%A5c-qu%E1%BA%A3n-l%C3%BD-ngo%E1%BA%A1i-h%E1%BB%91i,2026-08-10,2026-08-11,SBV,"buy, sell"
Sri Lanka,335.4542,LKR,https://www.cbsl.gov.lk/en/rates-and-indicators/exchange-rates/daily-indicative-usd-spot-exchange-rates,2026-08-10,2026-08-11,Central Bank of Sri Lanka,only one(USD->LKR)
Egypt,49.98,EGP,https://www.cbe.org.eg/en/economic-research/statistics/cbe-exchange-rates/historical-data,2026-08-10,2026-08-11,Central bank of Egypt (CBE),buy sell
Turkey,47.68805,TRY,https://www.tcmb.gov.tr/kurlar/202608/10082026.xml,2026-08-10,2026-08-11,Türkiye Cumhuriyet Merkez Bankası (TCMB),"Banknote(buy, sell)"
Indonesia,17913.0,IDR,https://www.bi.go.id/en/statistik/informasi-kurs/transaksi-bi/Default.aspx,2026-08-10,2026-08-11,"bank indonesia, bank sentral republik indonesia","buy, sell"
Bangladesh,123.77,BDT,https://www.bb.org.bd/en/index.php/econdata/exchangerate,2026-08-10,2026-08-11,Bangladesh Bank,"low, high (avg)"
Lao,22559.0,LAK,https://www.bol.gov.la/en/ExchangRate,2026-08-10,2026-08-11,Bank of the lao P.D.R,"buy, sell"
Brunei,1.2802,dollar,https://www.imf.org/external/np/fin/data/rms_mth.aspx?SelectDate=2026-08-31&reportType=REP,2026-08-11,2026-08-12,IMF,Mid-point
China,6.7472,yuan,https://www.imf.org/external/np/fin/data/rms_mth.aspx?SelectDate=2026-08-31&reportType=REP,2026-08-11,2026-08-12,IMF,Mid-point
India,95.4321,rupee,https://www.imf.org/external/np/fin/data/rms_mth.aspx?SelectDate=2026-08-31&reportType=REP,2026-08-11,2026-08-12,IMF,Mid-point
Japan,157.94,yen,https://www.imf.org/external/np/fin/data/rms_mth.aspx?SelectDate=2026-08-31&reportType=REP,2026-08-11,2026-08-12,IMF,Mid-point
Malaysia,4.0925,ringgit,https://www.imf.org/external/np/fin/data/rms_mth.aspx?SelectDate=2026-08-31&reportType=REP,2026-08-11,2026-08-12,IMF,Mid-point
Philippines,60.968,peso,https://www.imf.org/external/np/fin/data/rms_mth.aspx?SelectDate=2026-08-31&reportType=REP,2026-08-11,2026-08-12,IMF,Mid-point
Saudi Arabia,3.75,riyal,https://www.imf.org/external/np/fin/data/rms_mth.aspx?SelectDate=2026-08-31&reportType=REP,2026-08-11,2026-08-12,IMF,Mid-point
Singapore,1.2802,dollar,https://www.imf.org/external/np/fin/data/rms_mth.aspx?SelectDate=2026-08-31&reportType=REP,2026-08-11,2026-08-12,IMF,Mid-point
Thailand,33.083,baht,https://www.imf.org/external/np/fin/data/rms_mth.aspx?SelectDate=2026-08-31&reportType=REP,2026-08-11,2026-08-12,IMF,Mid-point
Hong Kong,784.525,HKD,https://www.hkab.org.hk/en/rates/exchange-rates,2026-08-11,2026-08-12,The Hong Kong Association of Banks,"buy, sell"
Cambodia,4051.0,KHR,https://www.tax.gov.kh/en/exchange-rate?for_year=2026&for_month=08,2026-08-11,2026-08-12,National Bank of Cambodia,Official Rate Riel
Lao,22559.0,LAK,https://www.bol.gov.la/en/ExchangRate,2026-08-11,2026-08-12,Bank of the lao P.D.R,"buy, sell"
Myanmar,2100.0,MMK,https://forex.cbm.gov.mm/index.php/fxrate/history,2026-08-11,2026-08-12,Central Bank of Myanmar,only one
Pakistan,277.85,PKR,https://www.nbp.com.pk/RateSheetFiles/NBP-RateSheet-11-08-2026.pdf,2026-08-11,2026-08-12,National Bank of Pakistan,buy
Vietnam,25516.0,VND,https://sbv.gov.vn/vi/t%E1%BB%B7-gi%C3%A1-tham-kh%E1%BA%A3o-gi%E1%BB%AFa-%C4%91%E1%BB%93ng-vi%E1%BB%87t-nam-v%C3%A0-c%C3%A1c-lo%E1%BA%A1i-ngo%E1%BA%A1i-t%E1%BB%87-t%E1%BA%A1i-c%E1%BB%A5c-qu%E1%BA%A3n-l%C3%BD-ngo%E1%BA%A1i-h%E1%BB%91i,2026-08-11,2026-08-12,SBV,"buy, sell"
Sri Lanka,335.2033,LKR,https://www.cbsl.gov.lk/en/rates-and-indicators/exchange-rates/daily-indicative-usd-spot-exchange-rates,2026-08-11,2026-08-12,Central Bank of Sri Lanka,only one(USD->LKR)
Egypt,50.283550000000005,EGP,https://www.cbe.org.eg/en/economic-research/statistics/cbe-exchange-rates/historical-data,2026-08-11,2026-08-12,Central bank of Egypt (CBE),buy sell
Turkey,47.7126,TRY,https://www.tcmb.gov.tr/kurlar/202608/11082026.xml,2026-08-11,2026-08-12,Türkiye Cumhuriyet Merkez Bankası (TCMB),"Banknote(buy, sell)"
Indonesia,17795.0,IDR,https://www.bi.go.id/en/statistik/informasi-kurs/transaksi-bi/Default.aspx,2026-08-11,2026-08-12,"bank indonesia, bank sentral republik indonesia","buy, sell"
Bangladesh,123.665,BDT,https://www.bb.org.bd/en/index.php/econdata/exchangerate,2026-08-11,2026-08-12,Bangladesh Bank,"low, high (avg)"
Brunei,1.2807,dollar,https://www.imf.org/external/np/fin/data/rms_mth.aspx?SelectDate=2026-08-31&reportType=REP,2026-08-12,2026-08-13,IMF,Mid-point
China,6.746,yuan,https://www.imf.org/external/np/fin/data/rms_mth.aspx?SelectDate=2026-08-31&reportType=REP,2026-08-12,2026-08-13,IMF,Mid-point
India,95.4321,rupee,https://www.imf.org/external/np/fin/data/rms_mth.aspx?SelectDate=2026-08-31&reportType=REP,2026-08-12,2026-08-13,IMF,Mid-point
Japan,159.35,yen,https://www.imf.org/external/np/fin/data/rms_mth.aspx?SelectDate=2026-08-31&reportType=REP,2026-08-12,2026-08-13,IMF,Mid-point
Malaysia,4.092,ringgit,https://www.imf.org/external/np/fin/data/rms_mth.aspx?SelectDate=2026-08-31&reportType=REP,2026-08-12,2026-08-13,IMF,Mid-point
Philippines,60.968,peso,https://www.imf.org/external/np/fin/data/rms_mth.aspx?SelectDate=2026-08-31&reportType=REP,2026-08-12,2026-08-13,IMF,Mid-point
Saudi Arabia,3.75,riyal,https://www.imf.org/external/np/fin/data/rms_mth.aspx?SelectDate=2026-08-31&reportType=REP,2026-08-12,2026-08-13,IMF,Mid-point
Singapore,1.2807,dollar,https://www.imf.org/external/np/fin/data/rms_mth.aspx?SelectDate=2026-08-31&reportType=REP,2026-08-12,2026-08-13,IMF,Mid-point
Thailand,33.083,baht,https://www.imf.org/external/np/fin/data/rms_mth.aspx?SelectDate=2026-08-31&reportType=REP,2026-08-12,2026-08-13,IMF,Mid-point
Hong Kong,784.675,HKD,https://www.hkab.org.hk/en/rates/exchange-rates,2026-08-12,2026-08-13,The Hong Kong Association of Banks,"buy, sell"
Cambodia,4048.0,KHR,https://www.tax.gov.kh/en/exchange-rate?for_year=2026&for_month=08,2026-08-12,2026-08-13,National Bank of Cambodia,Official Rate Riel
Lao,22559.0,LAK,https://www.bol.gov.la/en/ExchangRate,2026-08-12,2026-08-13,Bank of the lao P.D.R,"buy, sell"
Myanmar,2100.0,MMK,https://forex.cbm.gov.mm/index.php/fxrate/history,2026-08-12,2026-08-13,Central Bank of Myanmar,only one
Pakistan,277.8,PKR,https://www.nbp.com.pk/RateSheetFiles/NBP-RateSheet-12-08-2026.pdf,2026-08-12,2026-08-13,National Bank of Pakistan,buy
Vietnam,25539.0,VND,https://sbv.gov.vn/vi/t%E1%BB%B7-gi%C3%A1-tham-kh%E1%BA%A3o-gi%E1%BB%AFa-%C4%91%E1%BB%93ng-vi%E1%BB%87t-nam-v%C3%A0-c%C3%A1c-lo%E1%BA%A1i-ngo%E1%BA%A1i-t%E1%BB%87-t%E1%BA%A1i-c%E1%BB%A5c-qu%E1%BA%A3n-l%C3%BD-ngo%E1%BA%A1i-h%E1%BB%91i,2026-08-12,2026-08-13,SBV,"buy, sell"
Sri Lanka,334.787,LKR,https://www.cbsl.gov.lk/en/rates-and-indicators/exchange-rates/daily-indicative-usd-spot-exchange-rates,2026-08-12,2026-08-13,Central Bank of Sri Lanka,only one(USD->LKR)
Egypt,50.2257,EGP,https://www.cbe.org.eg/en/economic-research/statistics/cbe-exchange-rates/historical-data,2026-08-12,2026-08-13,Central bank of Egypt (CBE),buy sell
Turkey,47.72985,TRY,https://www.tcmb.gov.tr/kurlar/202608/12082026.xml,2026-08-12,2026-08-13,Türkiye Cumhuriyet Merkez Bankası (TCMB),"Banknote(buy, sell)"
Indonesia,17795.0,IDR,https://www.bi.go.id/en/statistik/informasi-kurs/transaksi-bi/Default.aspx,2026-08-12,2026-08-13,"bank indonesia, bank sentral republik indonesia","buy, sell"
Bangladesh,123.495,BDT,https://www.bb.org.bd/en/index.php/econdata/exchangerate,2026-08-12,2026-08-13,Bangladesh Bank,"low, high (avg)"
Brunei,1.2803,dollar,https://www.imf.org/external/np/fin/data/rms_mth.aspx?SelectDate=2026-08-31&reportType=REP,2026-08-13,2026-08-14,IMF,Mid-point
China,6.7452,yuan,https://www.imf.org/external/np/fin/data/rms_mth.aspx?SelectDate=2026-08-31&reportType=REP,2026-08-13,2026-08-14,IMF,Mid-point
India,95.4098,rupee,https://www.imf.org/external/np/fin/data/rms_mth.aspx?SelectDate=2026-08-31&reportType=REP,2026-08-13,2026-08-14,IMF,Mid-point
Japan,159.34,yen,https://www.imf.org/external/np/fin/data/rms_mth.aspx?SelectDate=2026-08-31&reportType=REP,2026-08-13,2026-08-14,IMF,Mid-point
Malaysia,4.087,ringgit,https://www.imf.org/external/np/fin/data/rms_mth.aspx?SelectDate=2026-08-31&reportType=REP,2026-08-13,2026-08-14,IMF,Mid-point
Philippines,61.323,peso,https://www.imf.org/external/np/fin/data/rms_mth.aspx?SelectDate=2026-08-31&reportType=REP,2026-08-13,2026-08-14,IMF,Mid-point
Saudi Arabia,3.75,riyal,https://www.imf.org/external/np/fin/data/rms_mth.aspx?SelectDate=2026-08-31&reportType=REP,2026-08-13,2026-08-14,IMF,Mid-point
Singapore,1.2803,dollar,https://www.imf.org/external/np/fin/data/rms_mth.aspx?SelectDate=2026-08-31&reportType=REP,2026-08-13,2026-08-14,IMF,Mid-point
Thailand,33.102,baht,https://www.imf.org/external/np/fin/data/rms_mth.aspx?SelectDate=2026-08-31&reportType=REP,2026-08-13,2026-08-14,IMF,Mid-point
Hong Kong,784.675,HKD,https://www.hkab.org.hk/en/rates/exchange-rates,2026-08-13,2026-08-14,The Hong Kong Association of Banks,"buy, sell"
Cambodia,4046.0,KHR,https://www.tax.gov.kh/en/exchange-rate?for_year=2026&for_month=08,2026-08-13,2026-08-14,National Bank of Cambodia,Official Rate Riel
Lao,22566.0,LAK,https://www.bol.gov.la/en/ExchangRate,2026-08-13,2026-08-14,Bank of the lao P.D.R,"buy, sell"
Myanmar,2100.0,MMK,https://forex.cbm.gov.mm/index.php/fxrate/history,2026-08-13,2026-08-14,Central Bank of Myanmar,only one
Pakistan,277.8,PKR,https://www.nbp.com.pk/RateSheetFiles/NBP-RateSheet-13-08-2026.pdf,2026-08-13,2026-08-14,National Bank of Pakistan,buy
Vietnam,25566.0,VND,https://sbv.gov.vn/vi/t%E1%BB%B7-gi%C3%A1-tham-kh%E1%BA%A3o-gi%E1%BB%AFa-%C4%91%E1%BB%93ng-vi%E1%BB%87t-nam-v%C3%A0-c%C3%A1c-lo%E1%BA%A1i-ngo%E1%BA%A1i-t%E1%BB%87-t%E1%BA%A1i-c%E1%BB%A5c-qu%E1%BA%A3n-l%C3%BD-ngo%E1%BA%A1i-h%E1%BB%91i,2026-08-13,2026-08-14,SBV,"buy, sell"
Sri Lanka,334.3344,LKR,https://www.cbsl.gov.lk/en/rates-and-indicators/exchange-rates/daily-indicative-usd-spot-exchange-rates,2026-08-13,2026-08-14,Central Bank of Sri Lanka,only one(USD->LKR)
Egypt,50.287,EGP,https://www.cbe.org.eg/en/economic-research/statistics/cbe-exchange-rates/historical-data,2026-08-13,2026-08-14,Central bank of Egypt (CBE),buy sell
Turkey,47.7479,TRY,https://www.tcmb.gov.tr/kurlar/202608/13082026.xml,2026-08-13,2026-08-14,Türkiye Cumhuriyet Merkez Bankası (TCMB),"Banknote(buy, sell)"
Indonesia,17876.0,IDR,https://www.bi.go.id/en/statistik/informasi-kurs/transaksi-bi/Default.aspx,2026-08-13,2026-08-14,"bank indonesia, bank sentral republik indonesia","buy, sell"
Bangladesh,123.23,BDT,https://www.bb.org.bd/en/index.php/econdata/exchangerate,2026-08-13,2026-08-14,Bangladesh Bank,"low, high (avg)"
Brunei,1.28,dollar,https://www.imf.org/external/np/fin/data/rms_mth.aspx?SelectDate=2026-08-31&reportType=REP,2026-08-14,2026-08-15,IMF,Mid-point
China,6.7421,yuan,https://www.imf.org/external/np/fin/data/rms_mth.aspx?SelectDate=2026-08-31&reportType=REP,2026-08-14,2026-08-15,IMF,Mid-point
India,95.4263,rupee,https://www.imf.org/external/np/fin/data/rms_mth.aspx?SelectDate=2026-08-31&reportType=REP,2026-08-14,2026-08-15,IMF,Mid-point
Japan,159.38,yen,https://www.imf.org/external/np/fin/data/rms_mth.aspx?SelectDate=2026-08-31&reportType=REP,2026-08-14,2026-08-15,IMF,Mid-point
Malaysia,4.0855,ringgit,https://www.imf.org/external/np/fin/data/rms_mth.aspx?SelectDate=2026-08-31&reportType=REP,2026-08-14,2026-08-15,IMF,Mid-point
Philippines,61.289,peso,https://www.imf.org/external/np/fin/data/rms_mth.aspx?SelectDate=2026-08-31&reportType=REP,2026-08-14,2026-08-15,IMF,Mid-point
Saudi Arabia,3.75,riyal,https://www.imf.org/external/np/fin/data/rms_mth.aspx?SelectDate=2026-08-31&reportType=REP,2026-08-14,2026-08-15,IMF,Mid-point
Singapore,1.28,dollar,https://www.imf.org/external/np/fin/data/rms_mth.aspx?SelectDate=2026-08-31&reportType=REP,2026-08-14,2026-08-15,IMF,Mid-point
Thailand,33.199,baht,https://www.imf.org/external/np/fin/data/rms_mth.aspx?SelectDate=2026-08-31&reportType=REP,2026-08-14,2026-08-15,IMF,Mid-point
Hong Kong,784.725,HKD,https://www.hkab.org.hk/en/rates/exchange-rates,2026-08-14,2026-08-15,The Hong Kong Association of Banks,"buy, sell"
Cambodia,4044.0,KHR,https://www.tax.gov.kh/en/exchange-rate?for_year=2026&for_month=08,2026-08-14,2026-08-15,National Bank of Cambodia,Official Rate Riel
Myanmar,2100.0,MMK,https://forex.cbm.gov.mm/index.php/fxrate/history,2026-08-14,2026-08-15,Central Bank of Myanmar,only one
Pakistan,277.8,PKR,https://www.nbp.com.pk/RateSheetFiles/NBP-RateSheet-13-08-2026.pdf,2026-08-14,2026-08-15,National Bank of Pakistan,buy
Vietnam,25561.0,VND,https://sbv.gov.vn/vi/t%E1%BB%B7-gi%C3%A1-tham-kh%E1%BA%A3o-gi%E1%BB%AFa-%C4%91%E1%BB%93ng-vi%E1%BB%87t-nam-v%C3%A0-c%C3%A1c-lo%E1%BA%A1i-ngo%E1%BA%A1i-t%E1%BB%87-t%E1%BA%A1i-c%E1%BB%A5c-qu%E1%BA%A3n-l%C3%BD-ngo%E1%BA%A1i-h%E1%BB%91i,2026-08-14,2026-08-15,SBV,"buy, sell"
Sri Lanka,333.5952,LKR,https://www.cbsl.gov.lk/en/rates-and-indicators/exchange-rates/daily-indicative-usd-spot-exchange-rates,2026-08-14,2026-08-15,Central Bank of Sri Lanka,only one(USD->LKR)
Egypt,50.287,EGP,https://www.cbe.org.eg/en/economic-research/statistics/cbe-exchange-rates/historical-data,2026-08-14,2026-08-15,Central bank of Egypt (CBE),buy sell
Turkey,47.78275,TRY,https://www.tcmb.gov.tr/kurlar/202608/14082026.xml,2026-08-14,2026-08-15,Türkiye Cumhuriyet Merkez Bankası (TCMB),"Banknote(buy, sell)"
Indonesia,17882.0,IDR,https://www.bi.go.id/en/statistik/informasi-kurs/transaksi-bi/Default.aspx,2026-08-14,2026-08-15,"bank indonesia, bank sentral republik indonesia","buy, sell"
Lao,22555.0,LAK,https://www.bol.gov.la/en/ExchangRate,2026-08-14,2026-08-15,Bank of the lao P.D.R,"buy, sell"
Bangladesh,123.23,BDT,https://www.bb.org.bd/en/index.php/econdata/exchangerate,2026-08-14,2026-08-15,Bangladesh Bank,"low, high (avg)"
Brunei,1.28,dollar,https://www.imf.org/external/np/fin/data/rms_mth.aspx?SelectDate=2026-08-31&reportType=REP,2026-08-15,2026-08-16,IMF,Mid-point
China,6.7421,yuan,https://www.imf.org/external/np/fin/data/rms_mth.aspx?SelectDate=2026-08-31&reportType=REP,2026-08-15,2026-08-16,IMF,Mid-point
India,95.4263,rupee,https://www.imf.org/external/np/fin/data/rms_mth.aspx?SelectDate=2026-08-31&reportType=REP,2026-08-15,2026-08-16,IMF,Mid-point
Japan,159.38,yen,https://www.imf.org/external/np/fin/data/rms_mth.aspx?SelectDate=2026-08-31&reportType=REP,2026-08-15,2026-08-16,IMF,Mid-point
Malaysia,4.0855,ringgit,https://www.imf.org/external/np/fin/data/rms_mth.aspx?SelectDate=2026-08-31&reportType=REP,2026-08-15,2026-08-16,IMF,Mid-point
Philippines,61.289,peso,https://www.imf.org/external/np/fin/data/rms_mth.aspx?SelectDate=2026-08-31&reportType=REP,2026-08-15,2026-08-16,IMF,Mid-point
Saudi Arabia,3.75,riyal,https://www.imf.org/external/np/fin/data/rms_mth.aspx?SelectDate=2026-08-31&reportType=REP,2026-08-15,2026-08-16,IMF,Mid-point
Singapore,1.28,dollar,https://www.imf.org/external/np/fin/data/rms_mth.aspx?SelectDate=2026-08-31&reportType=REP,2026-08-15,2026-08-16,IMF,Mid-point
Thailand,33.199,baht,https://www.imf.org/external/np/fin/data/rms_mth.aspx?SelectDate=2026-08-31&reportType=REP,2026-08-15,2026-08-16,IMF,Mid-point
Hong Kong,784.725,HKD,https://www.hkab.org.hk/en/rates/exchange-rates,2026-08-15,2026-08-16,The Hong Kong Association of Banks,"buy, sell"
Cambodia,4044.0,KHR,https://www.tax.gov.kh/en/exchange-rate?for_year=2026&for_month=08,2026-08-15,2026-08-16,National Bank of Cambodia,Official Rate Riel
Myanmar,2100.0,MMK,https://forex.cbm.gov.mm/index.php/fxrate/history,2026-08-15,2026-08-16,Central Bank of Myanmar,only one
Pakistan,277.8,PKR,https://www.nbp.com.pk/RateSheetFiles/NBP-RateSheet-13-08-2026.pdf,2026-08-15,2026-08-16,National Bank of Pakistan,buy
Vietnam,25561.0,VND,https://sbv.gov.vn/vi/t%E1%BB%B7-gi%C3%A1-tham-kh%E1%BA%A3o-gi%E1%BB%AFa-%C4%91%E1%BB%93ng-vi%E1%BB%87t-nam-v%C3%A0-c%C3%A1c-lo%E1%BA%A1i-ngo%E1%BA%A1i-t%E1%BB%87-t%E1%BA%A1i-c%E1%BB%A5c-qu%E1%BA%A3n-l%C3%BD-ngo%E1%BA%A1i-h%E1%BB%91i,2026-08-15,2026-08-16,SBV,"buy, sell"
Sri Lanka,333.5952,LKR,https://www.cbsl.gov.lk/en/rates-and-indicators/exchange-rates/daily-indicative-usd-spot-exchange-rates,2026-08-15,2026-08-16,Central Bank of Sri Lanka,only one(USD->LKR)
Egypt,50.287,EGP,https://www.cbe.org.eg/en/economic-research/statistics/cbe-exchange-rates/historical-data,2026-08-15,2026-08-16,Central bank of Egypt (CBE),buy sell
Turkey,47.78275,TRY,https://www.tcmb.gov.tr/kurlar/202608/14082026.xml,2026-08-15,2026-08-16,Türkiye Cumhuriyet Merkez Bankası (TCMB),"Banknote(buy, sell)"
Indonesia,17882.0,IDR,https://www.bi.go.id/en/statistik/informasi-kurs/transaksi-bi/Default.aspx,2026-08-15,2026-08-16,"bank indonesia, bank sentral republik indonesia","buy, sell"
Bangladesh,123.23,BDT,https://www.bb.org.bd/en/index.php/econdata/exchangerate,2026-08-15,2026-08-16,Bangladesh Bank,"low, high (avg)"
Lao,22555.0,LAK,https://www.bol.gov.la/en/ExchangRate,2026-08-15,2026-08-16,Bank of the lao P.D.R,"buy, sell"
Brunei,1.28,dollar,https://www.imf.org/external/np/fin/data/rms_mth.aspx?SelectDate=2026-08-31&reportType=REP,2026-08-16,2026-08-17,IMF,Mid-point
China,6.7421,yuan,https://www.imf.org/external/np/fin/data/rms_mth.aspx?SelectDate=2026-08-31&reportType=REP,2026-08-16,2026-08-17,IMF,Mid-point
India,95.4263,rupee,https://www.imf.org/external/np/fin/data/rms_mth.aspx?SelectDate=2026-08-31&reportType=REP,2026-08-16,2026-08-17,IMF,Mid-point
Japan,159.38,yen,https://www.imf.org/external/np/fin/data/rms_mth.aspx?SelectDate=2026-08-31&reportType=REP,2026-08-16,2026-08-17,IMF,Mid-point
Malaysia,4.0855,ringgit,https://www.imf.org/external/np/fin/data/rms_mth.aspx?SelectDate=2026-08-31&reportType=REP,2026-08-16,2026-08-17,IMF,Mid-point
Philippines,61.289,peso,https://www.imf.org/external/np/fin/data/rms_mth.aspx?SelectDate=2026-08-31&reportType=REP,2026-08-16,2026-08-17,IMF,Mid-point
Saudi Arabia,3.75,riyal,https://www.imf.org/external/np/fin/data/rms_mth.aspx?SelectDate=2026-08-31&reportType=REP,2026-08-16,2026-08-17,IMF,Mid-point
Singapore,1.28,dollar,https://www.imf.org/external/np/fin/data/rms_mth.aspx?SelectDate=2026-08-31&reportType=REP,2026-08-16,2026-08-17,IMF,Mid-point
Thailand,33.199,baht,https://www.imf.org/external/np/fin/data/rms_mth.aspx?SelectDate=2026-08-31&reportType=REP,2026-08-16,2026-08-17,IMF,Mid-point
Hong Kong,784.725,HKD,https://www.hkab.org.hk/en/rates/exchange-rates,2026-08-16,2026-08-17,The Hong Kong Association of Banks,"buy, sell"
Cambodia,4044.0,KHR,https://www.tax.gov.kh/en/exchange-rate?for_year=2026&for_month=08,2026-08-16,2026-08-17,National Bank of Cambodia,Official Rate Riel
Myanmar,2100.0,MMK,https://forex.cbm.gov.mm/index.php/fxrate/history,2026-08-16,2026-08-17,Central Bank of Myanmar,only one
Pakistan,277.8,PKR,https://www.nbp.com.pk/RateSheetFiles/NBP-RateSheet-13-08-2026.pdf,2026-08-16,2026-08-17,National Bank of Pakistan,buy
Vietnam,25561.0,VND,https://sbv.gov.vn/vi/t%E1%BB%B7-gi%C3%A1-tham-kh%E1%BA%A3o-gi%E1%BB%AFa-%C4%91%E1%BB%93ng-vi%E1%BB%87t-nam-v%C3%A0-c%C3%A1c-lo%E1%BA%A1i-ngo%E1%BA%A1i-t%E1%BB%87-t%E1%BA%A1i-c%E1%BB%A5c-qu%E1%BA%A3n-l%C3%BD-ngo%E1%BA%A1i-h%E1%BB%91i,2026-08-16,2026-08-17,SBV,"buy, sell"
Sri Lanka,333.5952,LKR,https://www.cbsl.gov.lk/en/rates-and-indicators/exchange-rates/daily-indicative-usd-spot-exchange-rates,2026-08-16,2026-08-17,Central Bank of Sri Lanka,only one(USD->LKR)
Egypt,50.25455,EGP,https://www.cbe.org.eg/en/economic-research/statistics/cbe-exchange-rates/historical-data,2026-08-16,2026-08-17,Central bank of Egypt (CBE),buy sell
Turkey,47.78275,TRY,https://www.tcmb.gov.tr/kurlar/202608/14082026.xml,2026-08-16,2026-08-17,Türkiye Cumhuriyet Merkez Bankası (TCMB),"Banknote(buy, sell)"
Indonesia,17882.0,IDR,https://www.bi.go.id/en/statistik/informasi-kurs/transaksi-bi/Default.aspx,2026-08-16,2026-08-17,"bank indonesia, bank sentral republik indonesia","buy, sell"
Bangladesh,122.84,BDT,https://www.bb.org.bd/en/index.php/econdata/exchangerate,2026-08-16,2026-08-17,Bangladesh Bank,"low, high (avg)"
Lao,22555.0,LAK,https://www.bol.gov.la/en/ExchangRate,2026-08-16,2026-08-17,Bank of the lao P.D.R,"buy, sell"
Brunei,1.2776,dollar,https://www.imf.org/external/np/fin/data/rms_mth.aspx?SelectDate=2026-08-31&reportType=REP,2026-08-17,2026-08-18,IMF,Mid-point
China,6.7385,yuan,https://www.imf.org/external/np/fin/data/rms_mth.aspx?SelectDate=2026-08-31&reportType=REP,2026-08-17,2026-08-18,IMF,Mid-point
India,95.6019,rupee,https://www.imf.org/external/np/fin/data/rms_mth.aspx?SelectDate=2026-08-31&reportType=REP,2026-08-17,2026-08-18,IMF,Mid-point
Japan,159.04,yen,https://www.imf.org/external/np/fin/data/rms_mth.aspx?SelectDate=2026-08-31&reportType=REP,2026-08-17,2026-08-18,IMF,Mid-point
Malaysia,4.077,ringgit,https://www.imf.org/external/np/fin/data/rms_mth.aspx?SelectDate=2026-08-31&reportType=REP,2026-08-17,2026-08-18,IMF,Mid-point
Philippines,61.289,peso,https://www.imf.org/external/np/fin/data/rms_mth.aspx?SelectDate=2026-08-31&reportType=REP,2026-08-17,2026-08-18,IMF,Mid-point
Saudi Arabia,3.75,riyal,https://www.imf.org/external/np/fin/data/rms_mth.aspx?SelectDate=2026-08-31&reportType=REP,2026-08-17,2026-08-18,IMF,Mid-point
Singapore,1.2776,dollar,https://www.imf.org/external/np/fin/data/rms_mth.aspx?SelectDate=2026-08-31&reportType=REP,2026-08-17,2026-08-18,IMF,Mid-point
Thailand,33.0,baht,https://www.imf.org/external/np/fin/data/rms_mth.aspx?SelectDate=2026-08-31&reportType=REP,2026-08-17,2026-08-18,IMF,Mid-point
Hong Kong,784.725,HKD,https://www.hkab.org.hk/en/rates/exchange-rates,2026-08-17,2026-08-18,The Hong Kong Association of Banks,"buy, sell"
Cambodia,4044.0,KHR,https://www.tax.gov.kh/en/exchange-rate?for_year=2026&for_month=08,2026-08-17,2026-08-18,National Bank of Cambodia,Official Rate Riel
Myanmar,2100.0,MMK,https://forex.cbm.gov.mm/index.php/fxrate/history,2026-08-17,2026-08-18,Central Bank of Myanmar,only one
Pakistan,277.8,PKR,https://www.nbp.com.pk/RateSheetFiles/NBP-RateSheet-17-08-2026.pdf,2026-08-17,2026-08-18,National Bank of Pakistan,buy
Vietnam,25586.0,VND,https://sbv.gov.vn/vi/t%E1%BB%B7-gi%C3%A1-tham-kh%E1%BA%A3o-gi%E1%BB%AFa-%C4%91%E1%BB%93ng-vi%E1%BB%87t-nam-v%C3%A0-c%C3%A1c-lo%E1%BA%A1i-ngo%E1%BA%A1i-t%E1%BB%87-t%E1%BA%A1i-c%E1%BB%A5c-qu%E1%BA%A3n-l%C3%BD-ngo%E1%BA%A1i-h%E1%BB%91i,2026-08-17,2026-08-18,SBV,"buy, sell"
Sri Lanka,333.0854,LKR,https://www.cbsl.gov.lk/en/rates-and-indicators/exchange-rates/daily-indicative-usd-spot-exchange-rates,2026-08-17,2026-08-18,Central Bank of Sri Lanka,only one(USD->LKR)
Egypt,50.204,EGP,https://www.cbe.org.eg/en/economic-research/statistics/cbe-exchange-rates/historical-data,2026-08-17,2026-08-18,Central bank of Egypt (CBE),buy sell
Turkey,47.8731,TRY,https://www.tcmb.gov.tr/kurlar/202608/17082026.xml,2026-08-17,2026-08-18,Türkiye Cumhuriyet Merkez Bankası (TCMB),"Banknote(buy, sell)"
Indonesia,17882.0,IDR,https://www.bi.go.id/en/statistik/informasi-kurs/transaksi-bi/Default.aspx,2026-08-17,2026-08-18,"bank indonesia, bank sentral republik indonesia","buy, sell"
Bangladesh,122.59,BDT,https://www.bb.org.bd/en/index.php/econdata/exchangerate,2026-08-17,2026-08-18,Bangladesh Bank,"low, high (avg)"
Lao,22533.0,LAK,https://www.bol.gov.la/en/ExchangRate,2026-08-17,2026-08-18,Bank of the lao P.D.R,"buy, sell"
Brunei,1.2782,dollar,https://www.imf.org/external/np/fin/data/rms_mth.aspx?SelectDate=2026-08-31&reportType=REP,2026-08-18,2026-08-19,IMF,Mid-point
China,6.7429,yuan,https://www.imf.org/external/np/fin/data/rms_mth.aspx?SelectDate=2026-08-31&reportType=REP,2026-08-18,2026-08-19,IMF,Mid-point
India,95.6772,rupee,https://www.imf.org/external/np/fin/data/rms_mth.aspx?SelectDate=2026-08-31&reportType=REP,2026-08-18,2026-08-19,IMF,Mid-point
Japan,159.48,yen,https://www.imf.org/external/np/fin/data/rms_mth.aspx?SelectDate=2026-08-31&reportType=REP,2026-08-18,2026-08-19,IMF,Mid-point
Malaysia,4.054,ringgit,https://www.imf.org/external/np/fin/data/rms_mth.aspx?SelectDate=2026-08-31&reportType=REP,2026-08-18,2026-08-19,IMF,Mid-point
Philippines,61.41,peso,https://www.imf.org/external/np/fin/data/rms_mth.aspx?SelectDate=2026-08-31&reportType=REP,2026-08-18,2026-08-19,IMF,Mid-point
Saudi Arabia,3.75,riyal,https://www.imf.org/external/np/fin/data/rms_mth.aspx?SelectDate=2026-08-31&reportType=REP,2026-08-18,2026-08-19,IMF,Mid-point
Singapore,1.2782,dollar,https://www.imf.org/external/np/fin/data/rms_mth.aspx?SelectDate=2026-08-31&reportType=REP,2026-08-18,2026-08-19,IMF,Mid-point
Thailand,33.066,baht,https://www.imf.org/external/np/fin/data/rms_mth.aspx?SelectDate=2026-08-31&reportType=REP,2026-08-18,2026-08-19,IMF,Mid-point
Hong Kong,784.425,HKD,https://www.hkab.org.hk/en/rates/exchange-rates,2026-08-18,2026-08-19,The Hong Kong Association of Banks,"buy, sell"
Cambodia,4043.0,KHR,https://www.tax.gov.kh/en/exchange-rate?for_year=2026&for_month=08,2026-08-18,2026-08-19,National Bank of Cambodia,Official Rate Riel
Myanmar,2100.0,MMK,https://forex.cbm.gov.mm/index.php/fxrate/history,2026-08-18,2026-08-19,Central Bank of Myanmar,only one
Pakistan,277.75,PKR,https://www.nbp.com.pk/RateSheetFiles/NBP-RateSheet-18-08-2026.pdf,2026-08-18,2026-08-19,National Bank of Pakistan,buy
Vietnam,25580.0,VND,https://sbv.gov.vn/vi/t%E1%BB%B7-gi%C3%A1-tham-kh%E1%BA%A3o-gi%E1%BB%AFa-%C4%91%E1%BB%93ng-vi%E1%BB%87t-nam-v%C3%A0-c%C3%A1c-lo%E1%BA%A1i-ngo%E1%BA%A1i-t%E1%BB%87-t%E1%BA%A1i-c%E1%BB%A5c-qu%E1%BA%A3n-l%C3%BD-ngo%E1%BA%A1i-h%E1%BB%91i,2026-08-18,2026-08-19,SBV,"buy, sell"
Sri Lanka,332.2862,LKR,https://www.cbsl.gov.lk/en/rates-and-indicators/exchange-rates/daily-indicative-usd-spot-exchange-rates,2026-08-18,2026-08-19,Central Bank of Sri Lanka,only one(USD->LKR)
Egypt,50.5154,EGP,https://www.cbe.org.eg/en/economic-research/statistics/cbe-exchange-rates/historical-data,2026-08-18,2026-08-19,Central bank of Egypt (CBE),buy sell
Turkey,47.89155,TRY,https://www.tcmb.gov.tr/kurlar/202608/18082026.xml,2026-08-18,2026-08-19,Türkiye Cumhuriyet Merkez Bankası (TCMB),"Banknote(buy, sell)"
Indonesia,17836.0,IDR,https://www.bi.go.id/en/statistik/informasi-kurs/transaksi-bi/Default.aspx,2026-08-18,2026-08-19,"bank indonesia, bank sentral republik indonesia","buy, sell"
Bangladesh,122.46,BDT,https://www.bb.org.bd/en/index.php/econdata/exchangerate,2026-08-18,2026-08-19,Bangladesh Bank,"low, high (avg)"
Lao,22518.0,LAK,https://www.bol.gov.la/en/ExchangRate,2026-08-18,2026-08-19,Bank of the lao P.D.R,"buy, sell"
Brunei,1.2776,dollar,https://www.imf.org/external/np/fin/data/rms_mth.aspx?SelectDate=2026-08-31&reportType=REP,2026-08-19,2026-08-20,IMF,Mid-point
China,6.7378,yuan,https://www.imf.org/external/np/fin/data/rms_mth.aspx?SelectDate=2026-08-31&reportType=REP,2026-08-19,2026-08-20,IMF,Mid-point
India,95.7477,rupee,https://www.imf.org/external/np/fin/data/rms_mth.aspx?SelectDate=2026-08-31&reportType=REP,2026-08-19,2026-08-20,IMF,Mid-point
Japan,159.41,yen,https://www.imf.org/external/np/fin/data/rms_mth.aspx?SelectDate=2026-08-31&reportType=REP,2026-08-19,2026-08-20,IMF,Mid-point
Malaysia,4.0625,ringgit,https://www.imf.org/external/np/fin/data/rms_mth.aspx?SelectDate=2026-08-31&reportType=REP,2026-08-19,2026-08-20,IMF,Mid-point
Philippines,61.41,peso,https://www.imf.org/external/np/fin/data/rms_mth.aspx?SelectDate=2026-08-31&reportType=REP,2026-08-19,2026-08-20,IMF,Mid-point
Saudi Arabia,3.75,riyal,https://www.imf.org/external/np/fin/data/rms_mth.aspx?SelectDate=2026-08-31&reportType=REP,2026-08-19,2026-08-20,IMF,Mid-point
Singapore,1.2776,dollar,https://www.imf.org/external/np/fin/data/rms_mth.aspx?SelectDate=2026-08-31&reportType=REP,2026-08-19,2026-08-20,IMF,Mid-point
Thailand,33.119,baht,https://www.imf.org/external/np/fin/data/rms_mth.aspx?SelectDate=2026-08-31&reportType=REP,2026-08-19,2026-08-20,IMF,Mid-point
Hong Kong,784.375,HKD,https://www.hkab.org.hk/en/rates/exchange-rates,2026-08-19,2026-08-20,The Hong Kong Association of Banks,"buy, sell"
Cambodia,4043.0,KHR,https://www.tax.gov.kh/en/exchange-rate?for_year=2026&for_month=08,2026-08-19,2026-08-20,National Bank of Cambodia,Official Rate Riel
Myanmar,2100.0,MMK,https://forex.cbm.gov.mm/index.php/fxrate/history,2026-08-19,2026-08-20,Central Bank of Myanmar,only one
Pakistan,277.75,PKR,https://www.nbp.com.pk/RateSheetFiles/NBP-RateSheet-19-08-2026.pdf,2026-08-19,2026-08-20,National Bank of Pakistan,buy
Vietnam,25598.0,VND,https://sbv.gov.vn/vi/t%E1%BB%B7-gi%C3%A1-tham-kh%E1%BA%A3o-gi%E1%BB%AFa-%C4%91%E1%BB%93ng-vi%E1%BB%87t-nam-v%C3%A0-c%C3%A1c-lo%E1%BA%A1i-ngo%E1%BA%A1i-t%E1%BB%87-t%E1%BA%A1i-c%E1%BB%A5c-qu%E1%BA%A3n-l%C3%BD-ngo%E1%BA%A1i-h%E1%BB%91i,2026-08-19,2026-08-20,SBV,"buy, sell"
Sri Lanka,331.8318,LKR,https://www.cbsl.gov.lk/en/rates-and-indicators/exchange-rates/daily-indicative-usd-spot-exchange-rates,2026-08-19,2026-08-20,Central Bank of Sri Lanka,only one(USD->LKR)
Egypt,50.718,EGP,https://www.cbe.org.eg/en/economic-research/statistics/cbe-exchange-rates/historical-data,2026-08-19,2026-08-20,Central bank of Egypt (CBE),buy sell
Turkey,47.909000000000006,TRY,https://www.tcmb.gov.tr/kurlar/202608/19082026.xml,2026-08-19,2026-08-20,Türkiye Cumhuriyet Merkez Bankası (TCMB),"Banknote(buy, sell)"
Indonesia,17856.0,IDR,https://www.bi.go.id/en/statistik/informasi-kurs/transaksi-bi/Default.aspx,2026-08-19,2026-08-20,"bank indonesia, bank sentral republik indonesia","buy, sell"
Bangladesh,122.06,BDT,https://www.bb.org.bd/en/index.php/econdata/exchangerate,2026-08-19,2026-08-20,Bangladesh Bank,"low, high (avg)"
Lao,22525.0,LAK,https://www.bol.gov.la/en/ExchangRate,2026-08-19,2026-08-20,Bank of the lao P.D.R,"buy, sell"
Brunei,1.2713,dollar,https://www.imf.org/external/np/fin/data/rms_mth.aspx?SelectDate=2026-08-31&reportType=REP,2026-08-20,2026-08-21,IMF,Mid-point
China,6.724,yuan,https://www.imf.org/external/np/fin/data/rms_mth.aspx?SelectDate=2026-08-31&reportType=REP,2026-08-20,2026-08-21,IMF,Mid-point
India,95.6416,rupee,https://www.imf.org/external/np/fin/data/rms_mth.aspx?SelectDate=2026-08-31&reportType=REP,2026-08-20,2026-08-21,IMF,Mid-point
Japan,158.42,yen,https://www.imf.org/external/np/fin/data/rms_mth.aspx?SelectDate=2026-08-31&reportType=REP,2026-08-20,2026-08-21,IMF,Mid-point
Malaysia,4.0415,ringgit,https://www.imf.org/external/np/fin/data/rms_mth.aspx?SelectDate=2026-08-31&reportType=REP,2026-08-20,2026-08-21,IMF,Mid-point
Philippines,61.866,peso,https://www.imf.org/external/np/fin/data/rms_mth.aspx?SelectDate=2026-08-31&reportType=REP,2026-08-20,2026-08-21,IMF,Mid-point
Saudi Arabia,3.75,riyal,https://www.imf.org/external/np/fin/data/rms_mth.aspx?SelectDate=2026-08-31&reportType=REP,2026-08-20,2026-08-21,IMF,Mid-point
Singapore,1.2713,dollar,https://www.imf.org/external/np/fin/data/rms_mth.aspx?SelectDate=2026-08-31&reportType=REP,2026-08-20,2026-08-21,IMF,Mid-point
Thailand,32.834,baht,https://www.imf.org/external/np/fin/data/rms_mth.aspx?SelectDate=2026-08-31&reportType=REP,2026-08-20,2026-08-21,IMF,Mid-point
Hong Kong,784.025,HKD,https://www.hkab.org.hk/en/rates/exchange-rates,2026-08-20,2026-08-21,The Hong Kong Association of Banks,"buy, sell"
Cambodia,4044.0,KHR,https://www.tax.gov.kh/en/exchange-rate?for_year=2026&for_month=08,2026-08-20,2026-08-21,National Bank of Cambodia,Official Rate Riel
Myanmar,2100.0,MMK,https://forex.cbm.gov.mm/index.php/fxrate/history,2026-08-20,2026-08-21,Central Bank of Myanmar,only one
Pakistan,277.75,PKR,https://www.nbp.com.pk/RateSheetFiles/NBP-RateSheet-20-08-2026.pdf,2026-08-20,2026-08-21,National Bank of Pakistan,buy
Vietnam,25590.0,VND,https://sbv.gov.vn/vi/t%E1%BB%B7-gi%C3%A1-tham-kh%E1%BA%A3o-gi%E1%BB%AFa-%C4%91%E1%BB%93ng-vi%E1%BB%87t-nam-v%C3%A0-c%C3%A1c-lo%E1%BA%A1i-ngo%E1%BA%A1i-t%E1%BB%87-t%E1%BA%A1i-c%E1%BB%A5c-qu%E1%BA%A3n-l%C3%BD-ngo%E1%BA%A1i-h%E1%BB%91i,2026-08-20,2026-08-21,SBV,"buy, sell"
Sri Lanka,331.2303,LKR,https://www.cbsl.gov.lk/en/rates-and-indicators/exchange-rates/daily-indicative-usd-spot-exchange-rates,2026-08-20,2026-08-21,Central Bank of Sri Lanka,only one(USD->LKR)
Egypt,50.883700000000005,EGP,https://www.cbe.org.eg/en/economic-research/statistics/cbe-exchange-rates/historical-data,2026-08-20,2026-08-21,Central bank of Egypt (CBE),buy sell
Turkey,47.92655,TRY,https://www.tcmb.gov.tr/kurlar/202608/20082026.xml,2026-08-20,2026-08-21,Türkiye Cumhuriyet Merkez Bankası (TCMB),"Banknote(buy, sell)"
Indonesia,17844.0,IDR,https://www.bi.go.id/en/statistik/informasi-kurs/transaksi-bi/Default.aspx,2026-08-20,2026-08-21,"bank indonesia, bank sentral republik indonesia","buy, sell"
Bangladesh,122.075,BDT,https://www.bb.org.bd/en/index.php/econdata/exchangerate,2026-08-20,2026-08-21,Bangladesh Bank,"low, high (avg)"
Lao,22480.0,LAK,https://www.bol.gov.la/en/ExchangRate,2026-08-20,2026-08-21,Bank of the lao P.D.R,"buy, sell"
Brunei,1.2702,dollar,https://www.imf.org/external/np/fin/data/rms_mth.aspx?SelectDate=2026-08-31&reportType=REP,2026-08-21,2026-08-22,IMF,Mid-point
China,6.7205,yuan,https://www.imf.org/external/np/fin/data/rms_mth.aspx?SelectDate=2026-08-31&reportType=REP,2026-08-21,2026-08-22,IMF,Mid-point
India,95.7467,rupee,https://www.imf.org/external/np/fin/data/rms_mth.aspx?SelectDate=2026-08-31&reportType=REP,2026-08-21,2026-08-22,IMF,Mid-point
Japan,159.09,yen,https://www.imf.org/external/np/fin/data/rms_mth.aspx?SelectDate=2026-08-31&reportType=REP,2026-08-21,2026-08-22,IMF,Mid-point
Malaysia,4.0455,ringgit,https://www.imf.org/external/np/fin/data/rms_mth.aspx?SelectDate=2026-08-31&reportType=REP,2026-08-21,2026-08-22,IMF,Mid-point
Philippines,61.866,peso,https://www.imf.org/external/np/fin/data/rms_mth.aspx?SelectDate=2026-08-31&reportType=REP,2026-08-21,2026-08-22,IMF,Mid-point
Saudi Arabia,3.75,riyal,https://www.imf.org/external/np/fin/data/rms_mth.aspx?SelectDate=2026-08-31&reportType=REP,2026-08-21,2026-08-22,IMF,Mid-point
Singapore,1.2702,dollar,https://www.imf.org/external/np/fin/data/rms_mth.aspx?SelectDate=2026-08-31&reportType=REP,2026-08-21,2026-08-22,IMF,Mid-point
Thailand,32.743,baht,https://www.imf.org/external/np/fin/data/rms_mth.aspx?SelectDate=2026-08-31&reportType=REP,2026-08-21,2026-08-22,IMF,Mid-point
Hong Kong,784.275,HKD,https://www.hkab.org.hk/en/rates/exchange-rates,2026-08-21,2026-08-22,The Hong Kong Association of Banks,"buy, sell"
Cambodia,4046.0,KHR,https://www.tax.gov.kh/en/exchange-rate?for_year=2026&for_month=08,2026-08-21,2026-08-22,National Bank of Cambodia,Official Rate Riel
Myanmar,2100.0,MMK,https://forex.cbm.gov.mm/index.php/fxrate/history,2026-08-21,2026-08-22,Central Bank of Myanmar,only one
Pakistan,277.7,PKR,https://www.nbp.com.pk/RateSheetFiles/NBP-RateSheet-21-08-2026.pdf,2026-08-21,2026-08-22,National Bank of Pakistan,buy
Vietnam,25600.0,VND,https://sbv.gov.vn/vi/t%E1%BB%B7-gi%C3%A1-tham-kh%E1%BA%A3o-gi%E1%BB%AFa-%C4%91%E1%BB%93ng-vi%E1%BB%87t-nam-v%C3%A0-c%C3%A1c-lo%E1%BA%A1i-ngo%E1%BA%A1i-t%E1%BB%87-t%E1%BA%A1i-c%E1%BB%A5c-qu%E1%BA%A3n-l%C3%BD-ngo%E1%BA%A1i-h%E1%BB%91i,2026-08-21,2026-08-22,SBV,"buy, sell"
Sri Lanka,330.1657,LKR,https://www.cbsl.gov.lk/en/rates-and-indicators/exchange-rates/daily-indicative-usd-spot-exchange-rates,2026-08-21,2026-08-22,Central Bank of Sri Lanka,only one(USD->LKR)
Egypt,50.883700000000005,EGP,https://www.cbe.org.eg/en/economic-research/statistics/cbe-exchange-rates/historical-data,2026-08-21,2026-08-22,Central bank of Egypt (CBE),buy sell
Turkey,47.94225,TRY,https://www.tcmb.gov.tr/kurlar/202608/21082026.xml,2026-08-21,2026-08-22,Türkiye Cumhuriyet Merkez Bankası (TCMB),"Banknote(buy, sell)"
Indonesia,17779.0,IDR,https://www.bi.go.id/en/statistik/informasi-kurs/transaksi-bi/Default.aspx,2026-08-21,2026-08-22,"bank indonesia, bank sentral republik indonesia","buy, sell"
Bangladesh,122.075,BDT,https://www.bb.org.bd/en/index.php/econdata/exchangerate,2026-08-21,2026-08-22,Bangladesh Bank,"low, high (avg)"
Lao,22464.0,LAK,https://www.bol.gov.la/en/ExchangRate,2026-08-21,2026-08-22,Bank of the lao P.D.R,"buy, sell"
Brunei,1.2702,dollar,https://www.imf.org/external/np/fin/data/rms_mth.aspx?SelectDate=2026-08-31&reportType=REP,2026-08-22,2026-08-23,IMF,Mid-point
China,6.7205,yuan,https://www.imf.org/external/np/fin/data/rms_mth.aspx?SelectDate=2026-08-31&reportType=REP,2026-08-22,2026-08-23,IMF,Mid-point
India,95.7467,rupee,https://www.imf.org/external/np/fin/data/rms_mth.aspx?SelectDate=2026-08-31&reportType=REP,2026-08-22,2026-08-23,IMF,Mid-point
Japan,159.09,yen,https://www.imf.org/external/np/fin/data/rms_mth.aspx?SelectDate=2026-08-31&reportType=REP,2026-08-22,2026-08-23,IMF,Mid-point
Malaysia,4.0455,ringgit,https://www.imf.org/external/np/fin/data/rms_mth.aspx?SelectDate=2026-08-31&reportType=REP,2026-08-22,2026-08-23,IMF,Mid-point
Philippines,61.866,peso,https://www.imf.org/external/np/fin/data/rms_mth.aspx?SelectDate=2026-08-31&reportType=REP,2026-08-22,2026-08-23,IMF,Mid-point
Saudi Arabia,3.75,riyal,https://www.imf.org/external/np/fin/data/rms_mth.aspx?SelectDate=2026-08-31&reportType=REP,2026-08-22,2026-08-23,IMF,Mid-point
Singapore,1.2702,dollar,https://www.imf.org/external/np/fin/data/rms_mth.aspx?SelectDate=2026-08-31&reportType=REP,2026-08-22,2026-08-23,IMF,Mid-point
Thailand,32.743,baht,https://www.imf.org/external/np/fin/data/rms_mth.aspx?SelectDate=2026-08-31&reportType=REP,2026-08-22,2026-08-23,IMF,Mid-point
Hong Kong,784.075,HKD,https://www.hkab.org.hk/en/rates/exchange-rates,2026-08-22,2026-08-23,The Hong Kong Association of Banks,"buy, sell"
Cambodia,4046.0,KHR,https://www.tax.gov.kh/en/exchange-rate?for_year=2026&for_month=08,2026-08-22,2026-08-23,National Bank of Cambodia,Official Rate Riel
Myanmar,2100.0,MMK,https://forex.cbm.gov.mm/index.php/fxrate/history,2026-08-22,2026-08-23,Central Bank of Myanmar,only one
Pakistan,277.7,PKR,https://www.nbp.com.pk/RateSheetFiles/NBP-RateSheet-21-08-2026.pdf,2026-08-22,2026-08-23,National Bank of Pakistan,buy
Vietnam,25600.0,VND,https://sbv.gov.vn/vi/t%E1%BB%B7-gi%C3%A1-tham-kh%E1%BA%A3o-gi%E1%BB%AFa-%C4%91%E1%BB%93ng-vi%E1%BB%87t-nam-v%C3%A0-c%C3%A1c-lo%E1%BA%A1i-ngo%E1%BA%A1i-t%E1%BB%87-t%E1%BA%A1i-c%E1%BB%A5c-qu%E1%BA%A3n-l%C3%BD-ngo%E1%BA%A1i-h%E1%BB%91i,2026-08-22,2026-08-23,SBV,"buy, sell"
Sri Lanka,330.1657,LKR,https://www.cbsl.gov.lk/en/rates-and-indicators/exchange-rates/daily-indicative-usd-spot-exchange-rates,2026-08-22,2026-08-23,Central Bank of Sri Lanka,only one(USD->LKR)
Egypt,50.883700000000005,EGP,https://www.cbe.org.eg/en/economic-research/statistics/cbe-exchange-rates/historical-data,2026-08-22,2026-08-23,Central bank of Egypt (CBE),buy sell
Turkey,47.94225,TRY,https://www.tcmb.gov.tr/kurlar/202608/21082026.xml,2026-08-22,2026-08-23,Türkiye Cumhuriyet Merkez Bankası (TCMB),"Banknote(buy, sell)"
Indonesia,17779.0,IDR,https://www.bi.go.id/en/statistik/informasi-kurs/transaksi-bi/Default.aspx,2026-08-22,2026-08-23,"bank indonesia, bank sentral republik indonesia","buy, sell"
Bangladesh,122.075,BDT,https://www.bb.org.bd/en/index.php/econdata/exchangerate,2026-08-22,2026-08-23,Bangladesh Bank,"low, high (avg)"
Lao,22464.0,LAK,https://www.bol.gov.la/en/ExchangRate,2026-08-22,2026-08-23,Bank of the lao P.D.R,"buy, sell"
Brunei,1.2702,dollar,https://www.imf.org/external/np/fin/data/rms_mth.aspx?SelectDate=2026-08-31&reportType=REP,2026-08-23,2026-08-24,IMF,Mid-point
China,6.7205,yuan,https://www.imf.org/external/np/fin/data/rms_mth.aspx?SelectDate=2026-08-31&reportType=REP,2026-08-23,2026-08-24,IMF,Mid-point
India,95.7467,rupee,https://www.imf.org/external/np/fin/data/rms_mth.aspx?SelectDate=2026-08-31&reportType=REP,2026-08-23,2026-08-24,IMF,Mid-point
Japan,159.09,yen,https://www.imf.org/external/np/fin/data/rms_mth.aspx?SelectDate=2026-08-31&reportType=REP,2026-08-23,2026-08-24,IMF,Mid-point
Malaysia,4.0455,ringgit,https://www.imf.org/external/np/fin/data/rms_mth.aspx?SelectDate=2026-08-31&reportType=REP,2026-08-23,2026-08-24,IMF,Mid-point
Philippines,61.866,peso,https://www.imf.org/external/np/fin/data/rms_mth.aspx?SelectDate=2026-08-31&reportType=REP,2026-08-23,2026-08-24,IMF,Mid-point
Saudi Arabia,3.75,riyal,https://www.imf.org/external/np/fin/data/rms_mth.aspx?SelectDate=2026-08-31&reportType=REP,2026-08-23,2026-08-24,IMF,Mid-point
Singapore,1.2702,dollar,https://www.imf.org/external/np/fin/data/rms_mth.aspx?SelectDate=2026-08-31&reportType=REP,2026-08-23,2026-08-24,IMF,Mid-point
Thailand,32.743,baht,https://www.imf.org/external/np/fin/data/rms_mth.aspx?SelectDate=2026-08-31&reportType=REP,2026-08-23,2026-08-24,IMF,Mid-point
Hong Kong,784.075,HKD,https://www.hkab.org.hk/en/rates/exchange-rates,2026-08-23,2026-08-24,The Hong Kong Association of Banks,"buy, sell"
Cambodia,4046.0,KHR,https://www.tax.gov.kh/en/exchange-rate?for_year=2026&for_month=08,2026-08-23,2026-08-24,National Bank of Cambodia,Official Rate Riel
Myanmar,2100.0,MMK,https://forex.cbm.gov.mm/index.php/fxrate/history,2026-08-23,2026-08-24,Central Bank of Myanmar,only one
Pakistan,277.7,PKR,https://www.nbp.com.pk/RateSheetFiles/NBP-RateSheet-21-08-2026.pdf,2026-08-23,2026-08-24,National Bank of Pakistan,buy
Vietnam,25600.0,VND,https://sbv.gov.vn/vi/t%E1%BB%B7-gi%C3%A1-tham-kh%E1%BA%A3o-gi%E1%BB%AFa-%C4%91%E1%BB%93ng-vi%E1%BB%87t-nam-v%C3%A0-c%C3%A1c-lo%E1%BA%A1i-ngo%E1%BA%A1i-t%E1%BB%87-t%E1%BA%A1i-c%E1%BB%A5c-qu%E1%BA%A3n-l%C3%BD-ngo%E1%BA%A1i-h%E1%BB%91i,2026-08-23,2026-08-24,SBV,"buy, sell"
Sri Lanka,330.1657,LKR,https://www.cbsl.gov.lk/en/rates-and-indicators/exchange-rates/daily-indicative-usd-spot-exchange-rates,2026-08-23,2026-08-24,Central Bank of Sri Lanka,only one(USD->LKR)
Egypt,50.8668,EGP,https://www.cbe.org.eg/en/economic-research/statistics/cbe-exchange-rates/historical-data,2026-08-23,2026-08-24,Central bank of Egypt (CBE),buy sell
Turkey,47.94225,TRY,https://www.tcmb.gov.tr/kurlar/202608/21082026.xml,2026-08-23,2026-08-24,Türkiye Cumhuriyet Merkez Bankası (TCMB),"Banknote(buy, sell)"
Indonesia,17779.0,IDR,https://www.bi.go.id/en/statistik/informasi-kurs/transaksi-bi/Default.aspx,2026-08-23,2026-08-24,"bank indonesia, bank sentral republik indonesia","buy, sell"
Bangladesh,122.325,BDT,https://www.bb.org.bd/en/index.php/econdata/exchangerate,2026-08-23,2026-08-24,Bangladesh Bank,"low, high (avg)"
Lao,22464.0,LAK,https://www.bol.gov.la/en/ExchangRate,2026-08-23,2026-08-24,Bank of the lao P.D.R,"buy, sell"
Brunei,1.2693,dollar,https://www.imf.org/external/np/fin/data/rms_mth.aspx?SelectDate=2026-08-31&reportType=REP,2026-08-24,2026-08-25,IMF,Mid-point
China,6.7234,yuan,https://www.imf.org/external/np/fin/data/rms_mth.aspx?SelectDate=2026-08-31&reportType=REP,2026-08-24,2026-08-25,IMF,Mid-point
India,95.7258,rupee,https://www.imf.org/external/np/fin/data/rms_mth.aspx?SelectDate=2026-08-31&reportType=REP,2026-08-24,2026-08-25,IMF,Mid-point
Japan,158.78,yen,https://www.imf.org/external/np/fin/data/rms_mth.aspx?SelectDate=2026-08-31&reportType=REP,2026-08-24,2026-08-25,IMF,Mid-point
Malaysia,4.0405,ringgit,https://www.imf.org/external/np/fin/data/rms_mth.aspx?SelectDate=2026-08-31&reportType=REP,2026-08-24,2026-08-25,IMF,Mid-point
Philippines,61.601,peso,https://www.imf.org/external/np/fin/data/rms_mth.aspx?SelectDate=2026-08-31&reportType=REP,2026-08-24,2026-08-25,IMF,Mid-point
Saudi Arabia,3.75,riyal,https://www.imf.org/external/np/fin/data/rms_mth.aspx?SelectDate=2026-08-31&reportType=REP,2026-08-24,2026-08-25,IMF,Mid-point
Singapore,1.2693,dollar,https://www.imf.org/external/np/fin/data/rms_mth.aspx?SelectDate=2026-08-31&reportType=REP,2026-08-24,2026-08-25,IMF,Mid-point
Thailand,32.648,baht,https://www.imf.org/external/np/fin/data/rms_mth.aspx?SelectDate=2026-08-31&reportType=REP,2026-08-24,2026-08-25,IMF,Mid-point
Hong Kong,783.925,HKD,https://www.hkab.org.hk/en/rates/exchange-rates,2026-08-24,2026-08-25,The Hong Kong Association of Banks,"buy, sell"
Cambodia,4047.0,KHR,https://www.tax.gov.kh/en/exchange-rate?for_year=2026&for_month=08,2026-08-24,2026-08-25,National Bank of Cambodia,Official Rate Riel
Myanmar,2100.0,MMK,https://forex.cbm.gov.mm/index.php/fxrate/history,2026-08-24,2026-08-25,Central Bank of Myanmar,only one
Pakistan,277.7,PKR,https://www.nbp.com.pk/RateSheetFiles/NBP-RateSheet-24-08-2026.pdf,2026-08-24,2026-08-25,National Bank of Pakistan,buy
Vietnam,25600.0,VND,https://sbv.gov.vn/vi/t%E1%BB%B7-gi%C3%A1-tham-kh%E1%BA%A3o-gi%E1%BB%AFa-%C4%91%E1%BB%93ng-vi%E1%BB%87t-nam-v%C3%A0-c%C3%A1c-lo%E1%BA%A1i-ngo%E1%BA%A1i-t%E1%BB%87-t%E1%BA%A1i-c%E1%BB%A5c-qu%E1%BA%A3n-l%C3%BD-ngo%E1%BA%A1i-h%E1%BB%91i,2026-08-24,2026-08-25,SBV,"buy, sell"
Sri Lanka,329.4456,LKR,https://www.cbsl.gov.lk/en/rates-and-indicators/exchange-rates/daily-indicative-usd-spot-exchange-rates,2026-08-24,2026-08-25,Central Bank of Sri Lanka,only one(USD->LKR)
Egypt,50.8282,EGP,https://www.cbe.org.eg/en/economic-research/statistics/cbe-exchange-rates/historical-data,2026-08-24,2026-08-25,Central bank of Egypt (CBE),buy sell
Turkey,48.0549,TRY,https://www.tcmb.gov.tr/kurlar/202608/24082026.xml,2026-08-24,2026-08-25,Türkiye Cumhuriyet Merkez Bankası (TCMB),"Banknote(buy, sell)"
Indonesia,17705.0,IDR,https://www.bi.go.id/en/statistik/informasi-kurs/transaksi-bi/Default.aspx,2026-08-24,2026-08-25,"bank indonesia, bank sentral republik indonesia","buy, sell"
Bangladesh,122.54,BDT,https://www.bb.org.bd/en/index.php/econdata/exchangerate,2026-08-24,2026-08-25,Bangladesh Bank,"low, high (avg)"
Lao,22442.0,LAK,https://www.bol.gov.la/en/ExchangRate,2026-08-24,2026-08-25,Bank of the lao P.D.R,"buy, sell"
Brunei,1.2693,dollar,https://www.imf.org/external/np/fin/data/rms_mth.aspx?SelectDate=2026-08-31&reportType=REP,2026-08-25,2026-08-26,IMF,Mid-point
China,6.7235,yuan,https://www.imf.org/external/np/fin/data/rms_mth.aspx?SelectDate=2026-08-31&reportType=REP,2026-08-25,2026-08-26,IMF,Mid-point
India,95.7143,rupee,https://www.imf.org/external/np/fin/data/rms_mth.aspx?SelectDate=2026-08-31&reportType=REP,2026-08-25,2026-08-26,IMF,Mid-point
Japan,159.18,yen,https://www.imf.org/external/np/fin/data/rms_mth.aspx?SelectDate=2026-08-31&reportType=REP,2026-08-25,2026-08-26,IMF,Mid-point
Malaysia,4.0405,ringgit,https://www.imf.org/external/np/fin/data/rms_mth.aspx?SelectDate=2026-08-31&reportType=REP,2026-08-25,2026-08-26,IMF,Mid-point
Philippines,61.735,peso,https://www.imf.org/external/np/fin/data/rms_mth.aspx?SelectDate=2026-08-31&reportType=REP,2026-08-25,2026-08-26,IMF,Mid-point
Saudi Arabia,3.75,riyal,https://www.imf.org/external/np/fin/data/rms_mth.aspx?SelectDate=2026-08-31&reportType=REP,2026-08-25,2026-08-26,IMF,Mid-point
Singapore,1.2707,dollar,https://www.imf.org/external/np/fin/data/rms_mth.aspx?SelectDate=2026-08-31&reportType=REP,2026-08-25,2026-08-26,IMF,Mid-point
Thailand,32.758,baht,https://www.imf.org/external/np/fin/data/rms_mth.aspx?SelectDate=2026-08-31&reportType=REP,2026-08-25,2026-08-26,IMF,Mid-point
Hong Kong,783.625,HKD,https://www.hkab.org.hk/en/rates/exchange-rates,2026-08-25,2026-08-26,The Hong Kong Association of Banks,"buy, sell"
Cambodia,4048.0,KHR,https://www.tax.gov.kh/en/exchange-rate?for_year=2026&for_month=08,2026-08-25,2026-08-26,National Bank of Cambodia,Official Rate Riel
Myanmar,2100.0,MMK,https://forex.cbm.gov.mm/index.php/fxrate/history,2026-08-25,2026-08-26,Central Bank of Myanmar,only one
Pakistan,277.7,PKR,https://www.nbp.com.pk/RateSheetFiles/NBP-RateSheet-25-08-2026.pdf,2026-08-25,2026-08-26,National Bank of Pakistan,buy
Vietnam,25615.0,VND,https://sbv.gov.vn/vi/t%E1%BB%B7-gi%C3%A1-tham-kh%E1%BA%A3o-gi%E1%BB%AFa-%C4%91%E1%BB%93ng-vi%E1%BB%87t-nam-v%C3%A0-c%C3%A1c-lo%E1%BA%A1i-ngo%E1%BA%A1i-t%E1%BB%87-t%E1%BA%A1i-c%E1%BB%A5c-qu%E1%BA%A3n-l%C3%BD-ngo%E1%BA%A1i-h%E1%BB%91i,2026-08-25,2026-08-26,SBV,"buy, sell"
Sri Lanka,329.0037,LKR,https://www.cbsl.gov.lk/en/rates-and-indicators/exchange-rates/daily-indicative-usd-spot-exchange-rates,2026-08-25,2026-08-26,Central Bank of Sri Lanka,only one(USD->LKR)
Egypt,50.420950000000005,EGP,https://www.cbe.org.eg/en/economic-research/statistics/cbe-exchange-rates/historical-data,2026-08-25,2026-08-26,Central bank of Egypt (CBE),buy sell
Turkey,48.0742,TRY,https://www.tcmb.gov.tr/kurlar/202608/25082026.xml,2026-08-25,2026-08-26,Türkiye Cumhuriyet Merkez Bankası (TCMB),"Banknote(buy, sell)"
Indonesia,17705.0,IDR,https://www.bi.go.id/en/statistik/informasi-kurs/transaksi-bi/Default.aspx,2026-08-25,2026-08-26,"bank indonesia, bank sentral republik indonesia","buy, sell"
Bangladesh,122.815,BDT,https://www.bb.org.bd/en/index.php/econdata/exchangerate,2026-08-25,2026-08-26,Bangladesh Bank,"low, high (avg)"
Lao,22442.0,LAK,https://www.bol.gov.la/en/ExchangRate,2026-08-25,2026-08-26,Bank of the lao P.D.R,"buy, sell"
Brunei,1.2699,dollar,https://www.imf.org/external/np/fin/data/rms_mth.aspx?SelectDate=2026-08-31&reportType=REP,2026-08-26,2026-08-27,IMF,Mid-point
China,6.7205,yuan,https://www.imf.org/external/np/fin/data/rms_mth.aspx?SelectDate=2026-08-31&reportType=REP,2026-08-26,2026-08-27,IMF,Mid-point
India,95.7143,rupee,https://www.imf.org/external/np/fin/data/rms_mth.aspx?SelectDate=2026-08-31&reportType=REP,2026-08-26,2026-08-27,IMF,Mid-point
Japan,159.11,yen,https://www.imf.org/external/np/fin/data/rms_mth.aspx?SelectDate=2026-08-31&reportType=REP,2026-08-26,2026-08-27,IMF,Mid-point
Malaysia,4.027,ringgit,https://www.imf.org/external/np/fin/data/rms_mth.aspx?SelectDate=2026-08-31&reportType=REP,2026-08-26,2026-08-27,IMF,Mid-point
Philippines,61.718,peso,https://www.imf.org/external/np/fin/data/rms_mth.aspx?SelectDate=2026-08-31&reportType=REP,2026-08-26,2026-08-27,IMF,Mid-point
Saudi Arabia,3.75,riyal,https://www.imf.org/external/np/fin/data/rms_mth.aspx?SelectDate=2026-08-31&reportType=REP,2026-08-26,2026-08-27,IMF,Mid-point
Singapore,1.2699,dollar,https://www.imf.org/external/np/fin/data/rms_mth.aspx?SelectDate=2026-08-31&reportType=REP,2026-08-26,2026-08-27,IMF,Mid-point
Thailand,32.724,baht,https://www.imf.org/external/np/fin/data/rms_mth.aspx?SelectDate=2026-08-31&reportType=REP,2026-08-26,2026-08-27,IMF,Mid-point
Hong Kong,783.825,HKD,https://www.hkab.org.hk/en/rates/exchange-rates,2026-08-26,2026-08-27,The Hong Kong Association of Banks,"buy, sell"
Cambodia,4047.0,KHR,https://www.tax.gov.kh/en/exchange-rate?for_year=2026&for_month=08,2026-08-26,2026-08-27,National Bank of Cambodia,Official Rate Riel
Lao,22423.0,LAK,https://www.bol.gov.la/en/ExchangRate,2026-08-26,2026-08-27,Bank of the lao P.D.R,"buy, sell"
Myanmar,2100.0,MMK,https://forex.cbm.gov.mm/index.php/fxrate/history,2026-08-26,2026-08-27,Central Bank of Myanmar,only one
Pakistan,277.7,PKR,https://www.nbp.com.pk/RateSheetFiles/NBP-RateSheet-25-08-2026.pdf,2026-08-26,2026-08-27,National Bank of Pakistan,buy
Vietnam,25611.0,VND,https://sbv.gov.vn/vi/t%E1%BB%B7-gi%C3%A1-tham-kh%E1%BA%A3o-gi%E1%BB%AFa-%C4%91%E1%BB%93ng-vi%E1%BB%87t-nam-v%C3%A0-c%C3%A1c-lo%E1%BA%A1i-ngo%E1%BA%A1i-t%E1%BB%87-t%E1%BA%A1i-c%E1%BB%A5c-qu%E1%BA%A3n-l%C3%BD-ngo%E1%BA%A1i-h%E1%BB%91i,2026-08-26,2026-08-27,SBV,"buy, sell"
Sri Lanka,329.0037,LKR,https://www.cbsl.gov.lk/en/rates-and-indicators/exchange-rates/daily-indicative-usd-spot-exchange-rates,2026-08-26,2026-08-27,Central Bank of Sri Lanka,only one(USD->LKR)
Egypt,50.21805,EGP,https://www.cbe.org.eg/en/economic-research/statistics/cbe-exchange-rates/historical-data,2026-08-26,2026-08-27,Central bank of Egypt (CBE),buy sell
Turkey,48.0917,TRY,https://www.tcmb.gov.tr/kurlar/202608/26082026.xml,2026-08-26,2026-08-27,Türkiye Cumhuriyet Merkez Bankası (TCMB),"Banknote(buy, sell)"
Indonesia,17703.0,IDR,https://www.bi.go.id/en/statistik/informasi-kurs/transaksi-bi/Default.aspx,2026-08-26,2026-08-27,"bank indonesia, bank sentral republik indonesia","buy, sell"
Bangladesh,122.815,BDT,https://www.bb.org.bd/en/index.php/econdata/exchangerate,2026-08-26,2026-08-27,Bangladesh Bank,"low, high (avg)"
Brunei,1.271,dollar,https://www.imf.org/external/np/fin/data/rms_mth.aspx?SelectDate=2026-08-31&reportType=REP,2026-08-27,2026-08-28,IMF,Mid-point
China,6.7202,yuan,https://www.imf.org/external/np/fin/data/rms_mth.aspx?SelectDate=2026-08-31&reportType=REP,2026-08-27,2026-08-28,IMF,Mid-point
India,95.5131,rupee,https://www.imf.org/external/np/fin/data/rms_mth.aspx?SelectDate=2026-08-31&reportType=REP,2026-08-27,2026-08-28,IMF,Mid-point
Japan,159.17,yen,https://www.imf.org/external/np/fin/data/rms_mth.aspx?SelectDate=2026-08-31&reportType=REP,2026-08-27,2026-08-28,IMF,Mid-point
Malaysia,4.028,ringgit,https://www.imf.org/external/np/fin/data/rms_mth.aspx?SelectDate=2026-08-31&reportType=REP,2026-08-27,2026-08-28,IMF,Mid-point
Philippines,61.582,peso,https://www.imf.org/external/np/fin/data/rms_mth.aspx?SelectDate=2026-08-31&reportType=REP,2026-08-27,2026-08-28,IMF,Mid-point
Saudi Arabia,3.75,riyal,https://www.imf.org/external/np/fin/data/rms_mth.aspx?SelectDate=2026-08-31&reportType=REP,2026-08-27,2026-08-28,IMF,Mid-point
Singapore,1.271,dollar,https://www.imf.org/external/np/fin/data/rms_mth.aspx?SelectDate=2026-08-31&reportType=REP,2026-08-27,2026-08-28,IMF,Mid-point
Thailand,32.824,baht,https://www.imf.org/external/np/fin/data/rms_mth.aspx?SelectDate=2026-08-31&reportType=REP,2026-08-27,2026-08-28,IMF,Mid-point
Hong Kong,783.875,HKD,https://www.hkab.org.hk/en/rates/exchange-rates,2026-08-27,2026-08-28,The Hong Kong Association of Banks,"buy, sell"
Cambodia,4046.0,KHR,https://www.tax.gov.kh/en/exchange-rate?for_year=2026&for_month=08,2026-08-27,2026-08-28,National Bank of Cambodia,Official Rate Riel
Lao,22423.0,LAK,https://www.bol.gov.la/en/ExchangRate,2026-08-27,2026-08-28,Bank of the lao P.D.R,"buy, sell"
Myanmar,2100.0,MMK,https://forex.cbm.gov.mm/index.php/fxrate/history,2026-08-27,2026-08-28,Central Bank of Myanmar,only one
Pakistan,277.65,PKR,https://www.nbp.com.pk/RateSheetFiles/NBP-RateSheet-27-08-2026.pdf,2026-08-27,2026-08-28,National Bank of Pakistan,buy
Vietnam,25611.0,VND,https://sbv.gov.vn/vi/t%E1%BB%B7-gi%C3%A1-tham-kh%E1%BA%A3o-gi%E1%BB%AFa-%C4%91%E1%BB%93ng-vi%E1%BB%87t-nam-v%C3%A0-c%C3%A1c-lo%E1%BA%A1i-ngo%E1%BA%A1i-t%E1%BB%87-t%E1%BA%A1i-c%E1%BB%A5c-qu%E1%BA%A3n-l%C3%BD-ngo%E1%BA%A1i-h%E1%BB%91i,2026-08-27,2026-08-28,SBV,"buy, sell"
Sri Lanka,329.0037,LKR,https://www.cbsl.gov.lk/en/rates-and-indicators/exchange-rates/daily-indicative-usd-spot-exchange-rates,2026-08-27,2026-08-28,Central Bank of Sri Lanka,only one(USD->LKR)
Egypt,50.21805,EGP,https://www.cbe.org.eg/en/economic-research/statistics/cbe-exchange-rates/historical-data,2026-08-27,2026-08-28,Central bank of Egypt (CBE),buy sell
Turkey,48.1091,TRY,https://www.tcmb.gov.tr/kurlar/202608/27082026.xml,2026-08-27,2026-08-28,Türkiye Cumhuriyet Merkez Bankası (TCMB),"Banknote(buy, sell)"
Indonesia,17717.0,IDR,https://www.bi.go.id/en/statistik/informasi-kurs/transaksi-bi/Default.aspx,2026-08-27,2026-08-28,"bank indonesia, bank sentral republik indonesia","buy, sell"
Bangladesh,122.995,BDT,https://www.bb.org.bd/en/index.php/econdata/exchangerate,2026-08-27,2026-08-28,Bangladesh Bank,"low, high (avg)"
Brunei,1.2706,dollar,https://www.imf.org/external/np/fin/data/rms_mth.aspx?SelectDate=2026-08-31&reportType=REP,2026-08-28,2026-08-29,IMF,Mid-point
China,6.7209,yuan,https://www.imf.org/external/np/fin/data/rms_mth.aspx?SelectDate=2026-08-31&reportType=REP,2026-08-28,2026-08-29,IMF,Mid-point
India,95.5614,rupee,https://www.imf.org/external/np/fin/data/rms_mth.aspx?SelectDate=2026-08-31&reportType=REP,2026-08-28,2026-08-29,IMF,Mid-point
Japan,159.36,yen,https://www.imf.org/external/np/fin/data/rms_mth.aspx?SelectDate=2026-08-31&reportType=REP,2026-08-28,2026-08-29,IMF,Mid-point
Malaysia,4.0275,ringgit,https://www.imf.org/external/np/fin/data/rms_mth.aspx?SelectDate=2026-08-31&reportType=REP,2026-08-28,2026-08-29,IMF,Mid-point
Philippines,61.764,peso,https://www.imf.org/external/np/fin/data/rms_mth.aspx?SelectDate=2026-08-31&reportType=REP,2026-08-28,2026-08-29,IMF,Mid-point
Saudi Arabia,3.75,riyal,https://www.imf.org/external/np/fin/data/rms_mth.aspx?SelectDate=2026-08-31&reportType=REP,2026-08-28,2026-08-29,IMF,Mid-point
Singapore,1.2706,dollar,https://www.imf.org/external/np/fin/data/rms_mth.aspx?SelectDate=2026-08-31&reportType=REP,2026-08-28,2026-08-29,IMF,Mid-point
Thailand,32.947,baht,https://www.imf.org/external/np/fin/data/rms_mth.aspx?SelectDate=2026-08-31&reportType=REP,2026-08-28,2026-08-29,IMF,Mid-point
Hong Kong,783.825,HKD,https://www.hkab.org.hk/en/rates/exchange-rates,2026-08-28,2026-08-29,The Hong Kong Association of Banks,"buy, sell"
Cambodia,4046.0,KHR,https://www.tax.gov.kh/en/exchange-rate?for_year=2026&for_month=08,2026-08-28,2026-08-29,National Bank of Cambodia,Official Rate Riel
Lao,22409.0,LAK,https://www.bol.gov.la/en/ExchangRate,2026-08-28,2026-08-29,Bank of the lao P.D.R,"buy, sell"
Myanmar,2100.0,MMK,https://forex.cbm.gov.mm/index.php/fxrate/history,2026-08-28,2026-08-29,Central Bank of Myanmar,only one
Pakistan,277.65,PKR,https://www.nbp.com.pk/RateSheetFiles/NBP-RateSheet-28-08-2026.pdf,2026-08-28,2026-08-29,National Bank of Pakistan,buy
Vietnam,25610.0,VND,https://sbv.gov.vn/vi/t%E1%BB%B7-gi%C3%A1-tham-kh%E1%BA%A3o-gi%E1%BB%AFa-%C4%91%E1%BB%93ng-vi%E1%BB%87t-nam-v%C3%A0-c%C3%A1c-lo%E1%BA%A1i-ngo%E1%BA%A1i-t%E1%BB%87-t%E1%BA%A1i-c%E1%BB%A5c-qu%E1%BA%A3n-l%C3%BD-ngo%E1%BA%A1i-h%E1%BB%91i,2026-08-28,2026-08-29,SBV,"buy, sell"
Sri Lanka,328.6088,LKR,https://www.cbsl.gov.lk/en/rates-and-indicators/exchange-rates/daily-indicative-usd-spot-exchange-rates,2026-08-28,2026-08-29,Central Bank of Sri Lanka,only one(USD->LKR)
Egypt,50.21805,EGP,https://www.cbe.org.eg/en/economic-research/statistics/cbe-exchange-rates/historical-data,2026-08-28,2026-08-29,Central bank of Egypt (CBE),buy sell
Turkey,48.135850000000005,TRY,https://www.tcmb.gov.tr/kurlar/202608/28082026.xml,2026-08-28,2026-08-29,Türkiye Cumhuriyet Merkez Bankası (TCMB),"Banknote(buy, sell)"
Indonesia,17762.0,IDR,https://www.bi.go.id/en/statistik/informasi-kurs/transaksi-bi/Default.aspx,2026-08-28,2026-08-29,"bank indonesia, bank sentral republik indonesia","buy, sell"
Bangladesh,122.995,BDT,https://www.bb.org.bd/en/index.php/econdata/exchangerate,2026-08-28,2026-08-29,Bangladesh Bank,"low, high (avg)"
Brunei,1.2706,dollar,https://www.imf.org/external/np/fin/data/rms_mth.aspx?SelectDate=2026-08-31&reportType=REP,2026-08-29,2026-08-30,IMF,Mid-point
China,6.7209,yuan,https://www.imf.org/external/np/fin/data/rms_mth.aspx?SelectDate=2026-08-31&reportType=REP,2026-08-29,2026-08-30,IMF,Mid-point
India,95.5614,rupee,https://www.imf.org/external/np/fin/data/rms_mth.aspx?SelectDate=2026-08-31&reportType=REP,2026-08-29,2026-08-30,IMF,Mid-point
Japan,159.36,yen,https://www.imf.org/external/np/fin/data/rms_mth.aspx?SelectDate=2026-08-31&reportType=REP,2026-08-29,2026-08-30,IMF,Mid-point
Malaysia,4.0275,ringgit,https://www.imf.org/external/np/fin/data/rms_mth.aspx?SelectDate=2026-08-31&reportType=REP,2026-08-29,2026-08-30,IMF,Mid-point
Philippines,61.764,peso,https://www.imf.org/external/np/fin/data/rms_mth.aspx?SelectDate=2026-08-31&reportType=REP,2026-08-29,2026-08-30,IMF,Mid-point
Saudi Arabia,3.75,riyal,https://www.imf.org/external/np/fin/data/rms_mth.aspx?SelectDate=2026-08-31&reportType=REP,2026-08-29,2026-08-30,IMF,Mid-point
Singapore,1.2706,dollar,https://www.imf.org/external/np/fin/data/rms_mth.aspx?SelectDate=2026-08-31&reportType=REP,2026-08-29,2026-08-30,IMF,Mid-point
Thailand,32.947,baht,https://www.imf.org/external/np/fin/data/rms_mth.aspx?SelectDate=2026-08-31&reportType=REP,2026-08-29,2026-08-30,IMF,Mid-point
Hong Kong,783.975,HKD,https://www.hkab.org.hk/en/rates/exchange-rates,2026-08-29,2026-08-30,The Hong Kong Association of Banks,"buy, sell"
Cambodia,4046.0,KHR,https://www.tax.gov.kh/en/exchange-rate?for_year=2026&for_month=08,2026-08-29,2026-08-30,National Bank of Cambodia,Official Rate Riel
Lao,22409.0,LAK,https://www.bol.gov.la/en/ExchangRate,2026-08-29,2026-08-30,Bank of the lao P.D.R,"buy, sell"
Myanmar,2100.0,MMK,https://forex.cbm.gov.mm/index.php/fxrate/history,2026-08-29,2026-08-30,Central Bank of Myanmar,only one
Pakistan,277.65,PKR,https://www.nbp.com.pk/RateSheetFiles/NBP-RateSheet-28-08-2026.pdf,2026-08-29,2026-08-30,National Bank of Pakistan,buy
Vietnam,25610.0,VND,https://sbv.gov.vn/vi/t%E1%BB%B7-gi%C3%A1-tham-kh%E1%BA%A3o-gi%E1%BB%AFa-%C4%91%E1%BB%93ng-vi%E1%BB%87t-nam-v%C3%A0-c%C3%A1c-lo%E1%BA%A1i-ngo%E1%BA%A1i-t%E1%BB%87-t%E1%BA%A1i-c%E1%BB%A5c-qu%E1%BA%A3n-l%C3%BD-ngo%E1%BA%A1i-h%E1%BB%91i,2026-08-29,2026-08-30,SBV,"buy, sell"
Sri Lanka,328.6088,LKR,https://www.cbsl.gov.lk/en/rates-and-indicators/exchange-rates/daily-indicative-usd-spot-exchange-rates,2026-08-29,2026-08-30,Central Bank of Sri Lanka,only one(USD->LKR)
Egypt,50.21805,EGP,https://www.cbe.org.eg/en/economic-research/statistics/cbe-exchange-rates/historical-data,2026-08-29,2026-08-30,Central bank of Egypt (CBE),buy sell
Turkey,48.135850000000005,TRY,https://www.tcmb.gov.tr/kurlar/202608/28082026.xml,2026-08-29,2026-08-30,Türkiye Cumhuriyet Merkez Bankası (TCMB),"Banknote(buy, sell)"
Indonesia,17762.0,IDR,https://www.bi.go.id/en/statistik/informasi-kurs/transaksi-bi/Default.aspx,2026-08-29,2026-08-30,"bank indonesia, bank sentral republik indonesia","buy, sell"
Bangladesh,122.995,BDT,https://www.bb.org.bd/en/index.php/econdata/exchangerate,2026-08-29,2026-08-30,Bangladesh Bank,"low, high (avg)"
Brunei,1.2706,dollar,https://www.imf.org/external/np/fin/data/rms_mth.aspx?SelectDate=2026-08-31&reportType=REP,2026-08-30,2026-08-31,IMF,Mid-point
China,6.7209,yuan,https://www.imf.org/external/np/fin/data/rms_mth.aspx?SelectDate=2026-08-31&reportType=REP,2026-08-30,2026-08-31,IMF,Mid-point
India,95.5614,rupee,https://www.imf.org/external/np/fin/data/rms_mth.aspx?SelectDate=2026-08-31&reportType=REP,2026-08-30,2026-08-31,IMF,Mid-point
Japan,159.36,yen,https://www.imf.org/external/np/fin/data/rms_mth.aspx?SelectDate=2026-08-31&reportType=REP,2026-08-30,2026-08-31,IMF,Mid-point
Malaysia,4.0275,ringgit,https://www.imf.org/external/np/fin/data/rms_mth.aspx?SelectDate=2026-08-31&reportType=REP,2026-08-30,2026-08-31,IMF,Mid-point
Philippines,61.764,peso,https://www.imf.org/external/np/fin/data/rms_mth.aspx?SelectDate=2026-08-31&reportType=REP,2026-08-30,2026-08-31,IMF,Mid-point
Saudi Arabia,3.75,riyal,https://www.imf.org/external/np/fin/data/rms_mth.aspx?SelectDate=2026-08-31&reportType=REP,2026-08-30,2026-08-31,IMF,Mid-point
Singapore,1.2706,dollar,https://www.imf.org/external/np/fin/data/rms_mth.aspx?SelectDate=2026-08-31&reportType=REP,2026-08-30,2026-08-31,IMF,Mid-point
Thailand,32.947,baht,https://www.imf.org/external/np/fin/data/rms_mth.aspx?SelectDate=2026-08-31&reportType=REP,2026-08-30,2026-08-31,IMF,Mid-point
Hong Kong,783.975,HKD,https://www.hkab.org.hk/en/rates/exchange-rates,2026-08-30,2026-08-31,The Hong Kong Association of Banks,"buy, sell"
Cambodia,4046.0,KHR,https://www.tax.gov.kh/en/exchange-rate?for_year=2026&for_month=08,2026-08-30,2026-08-31,National Bank of Cambodia,Official Rate Riel
Lao,22409.0,LAK,https://www.bol.gov.la/en/ExchangRate,2026-08-30,2026-08-31,Bank of the lao P.D.R,"buy, sell"
Myanmar,2100.0,MMK,https://forex.cbm.gov.mm/index.php/fxrate/history,2026-08-30,2026-08-31,Central Bank of Myanmar,only one
Pakistan,277.65,PKR,https://www.nbp.com.pk/RateSheetFiles/NBP-RateSheet-28-08-2026.pdf,2026-08-30,2026-08-31,National Bank of Pakistan,buy
Vietnam,25610.0,VND,https://sbv.gov.vn/vi/t%E1%BB%B7-gi%C3%A1-tham-kh%E1%BA%A3o-gi%E1%BB%AFa-%C4%91%E1%BB%93ng-vi%E1%BB%87t-nam-v%C3%A0-c%C3%A1c-lo%E1%BA%A1i-ngo%E1%BA%A1i-t%E1%BB%87-t%E1%BA%A1i-c%E1%BB%A5c-qu%E1%BA%A3n-l%C3%BD-ngo%E1%BA%A1i-h%E1%BB%91i,2026-08-30,2026-08-31,SBV,"buy, sell"
Sri Lanka,328.6088,LKR,https://www.cbsl.gov.lk/en/rates-and-indicators/exchange-rates/daily-indicative-usd-spot-exchange-rates,2026-08-30,2026-08-31,Central Bank of Sri Lanka,only one(USD->LKR)
Egypt,50.5266,EGP,https://www.cbe.org.eg/en/economic-research/statistics/cbe-exchange-rates/historical-data,2026-08-30,2026-08-31,Central bank of Egypt (CBE),buy sell
Turkey,48.135850000000005,TRY,https://www.tcmb.gov.tr/kurlar/202608/28082026.xml,2026-08-30,2026-08-31,Türkiye Cumhuriyet Merkez Bankası (TCMB),"Banknote(buy, sell)"
Indonesia,17762.0,IDR,https://www.bi.go.id/en/statistik/informasi-kurs/transaksi-bi/Default.aspx,2026-08-30,2026-08-31,"bank indonesia, bank sentral republik indonesia","buy, sell"
Bangladesh,123.0,BDT,https://www.bb.org.bd/en/index.php/econdata/exchangerate,2026-08-30,2026-08-31,Bangladesh Bank,"low, high (avg)"
Brunei,1.2729,dollar,https://www.imf.org/external/np/fin/data/rms_mth.aspx?SelectDate=2026-08-31&reportType=REP,2026-08-31,2026-09-01,IMF,Mid-point
China,6.7198,yuan,https://www.imf.org/external/np/fin/data/rms_mth.aspx?SelectDate=2026-08-31&reportType=REP,2026-08-31,2026-09-01,IMF,Mid-point
India,95.4509,rupee,https://www.imf.org/external/np/fin/data/rms_mth.aspx?SelectDate=2026-08-31&reportType=REP,2026-08-31,2026-09-01,IMF,Mid-point
Japan,160.01,yen,https://www.imf.org/external/np/fin/data/rms_mth.aspx?SelectDate=2026-08-31&reportType=REP,2026-08-31,2026-09-01,IMF,Mid-point
Malaysia,4.0275,ringgit,https://www.imf.org/external/np/fin/data/rms_mth.aspx?SelectDate=2026-08-31&reportType=REP,2026-08-31,2026-09-01,IMF,Mid-point
Philippines,61.764,peso,https://www.imf.org/external/np/fin/data/rms_mth.aspx?SelectDate=2026-08-31&reportType=REP,2026-08-31,2026-09-01,IMF,Mid-point
Saudi Arabia,3.75,riyal,https://www.imf.org/external/np/fin/data/rms_mth.aspx?SelectDate=2026-08-31&reportType=REP,2026-08-31,2026-09-01,IMF,Mid-point
Singapore,1.2729,dollar,https://www.imf.org/external/np/fin/data/rms_mth.aspx?SelectDate=2026-08-31&reportType=REP,2026-08-31,2026-09-01,IMF,Mid-point
Thailand,33.134,baht,https://www.imf.org/external/np/fin/data/rms_mth.aspx?SelectDate=2026-08-31&reportType=REP,2026-08-31,2026-09-01,IMF,Mid-point
Hong Kong,783.975,HKD,https://www.hkab.org.hk/en/rates/exchange-rates,2026-08-31,2026-09-01,The Hong Kong Association of Banks,"buy, sell"
Cambodia,4047.0,KHR,https://www.tax.gov.kh/en/exchange-rate?for_year=2026&for_month=08,2026-08-31,2026-09-01,National Bank of Cambodia,Official Rate Riel
Lao,22420.0,LAK,https://www.bol.gov.la/en/ExchangRate,2026-08-31,2026-09-01,Bank of the lao P.D.R,"buy, sell"
Myanmar,2100.0,MMK,https://forex.cbm.gov.mm/index.php/fxrate/history,2026-08-31,2026-09-01,Central Bank of Myanmar,only one
Pakistan,277.65,PKR,https://www.nbp.com.pk/RateSheetFiles/NBP-RateSheet-31-08-2026.pdf,2026-08-31,2026-09-01,National Bank of Pakistan,buy
Vietnam,25610.0,VND,https://sbv.gov.vn/vi/t%E1%BB%B7-gi%C3%A1-tham-kh%E1%BA%A3o-gi%E1%BB%AFa-%C4%91%E1%BB%93ng-vi%E1%BB%87t-nam-v%C3%A0-c%C3%A1c-lo%E1%BA%A1i-ngo%E1%BA%A1i-t%E1%BB%87-t%E1%BA%A1i-c%E1%BB%A5c-qu%E1%BA%A3n-l%C3%BD-ngo%E1%BA%A1i-h%E1%BB%91i,2026-08-31,2026-09-01,SBV,"buy, sell"
Sri Lanka,328.0149,LKR,https://www.cbsl.gov.lk/en/rates-and-indicators/exchange-rates/daily-indicative-usd-spot-exchange-rates,2026-08-31,2026-09-01,Central Bank of Sri Lanka,only one(USD->LKR)
Egypt,50.9243,EGP,https://www.cbe.org.eg/en/economic-research/statistics/cbe-exchange-rates/historical-data,2026-08-31,2026-09-01,Central bank of Egypt (CBE),buy sell
Turkey,48.23725,TRY,https://www.tcmb.gov.tr/kurlar/202608/31082026.xml,2026-08-31,2026-09-01,Türkiye Cumhuriyet Merkez Bankası (TCMB),"Banknote(buy, sell)"
Indonesia,17703.0,IDR,https://www.bi.go.id/en/statistik/informasi-kurs/transaksi-bi/Default.aspx,2026-08-31,2026-09-01,"bank indonesia, bank sentral republik indonesia","buy, sell"
Bangladesh,123.0,BDT,https://www.bb.org.bd/en/index.php/econdata/exchangerate,2026-08-31,2026-09-01,Bangladesh Bank,"low, high (avg)"
Brunei,1.2729,dollar,https://www.imf.org/external/np/fin/data/rms_mth.aspx?SelectDate=2026-08-31&reportType=REP,2026-09-01,2026-09-02,IMF,Mid-point
China,6.7198,yuan,https://www.imf.org/external/np/fin/data/rms_mth.aspx?SelectDate=2026-08-31&reportType=REP,2026-09-01,2026-09-02,IMF,Mid-point
India,95.4509,rupee,https://www.imf.org/external/np/fin/data/rms_mth.aspx?SelectDate=2026-08-31&reportType=REP,2026-09-01,2026-09-02,IMF,Mid-point
Japan,160.01,yen,https://www.imf.org/external/np/fin/data/rms_mth.aspx?SelectDate=2026-08-31&reportType=REP,2026-09-01,2026-09-02,IMF,Mid-point
Malaysia,4.0275,ringgit,https://www.imf.org/external/np/fin/data/rms_mth.aspx?SelectDate=2026-08-31&reportType=REP,2026-09-01,2026-09-02,IMF,Mid-point
Philippines,61.764,peso,https://www.imf.org/external/np/fin/data/rms_mth.aspx?SelectDate=2026-08-31&reportType=REP,2026-09-01,2026-09-02,IMF,Mid-point
Saudi Arabia,3.75,riyal,https://www.imf.org/external/np/fin/data/rms_mth.aspx?SelectDate=2026-08-31&reportType=REP,2026-09-01,2026-09-02,IMF,Mid-point
Singapore,1.2729,dollar,https://www.imf.org/external/np/fin/data/rms_mth.aspx?SelectDate=2026-08-31&reportType=REP,2026-09-01,2026-09-02,IMF,Mid-point
Thailand,33.134,baht,https://www.imf.org/external/np/fin/data/rms_mth.aspx?SelectDate=2026-08-31&reportType=REP,2026-09-01,2026-09-02,IMF,Mid-point
Hong Kong,783.875,HKD,https://www.hkab.org.hk/en/rates/exchange-rates,2026-09-01,2026-09-02,The Hong Kong Association of Banks,"buy, sell"
Cambodia,4047.0,KHR,https://www.tax.gov.kh/en/exchange-rate?for_year=2026&for_month=09,2026-09-01,2026-09-02,National Bank of Cambodia,Official Rate Riel
Lao,22411.0,LAK,https://www.bol.gov.la/en/ExchangRate,2026-09-01,2026-09-02,Bank of the lao P.D.R,"buy, sell"
Myanmar,2100.0,MMK,https://forex.cbm.gov.mm/index.php/fxrate/history,2026-09-01,2026-09-02,Central Bank of Myanmar,only one
Pakistan,277.6,PKR,https://www.nbp.com.pk/RateSheetFiles/NBP-RateSheet-01-09-2026.pdf,2026-09-01,2026-09-02,National Bank of Pakistan,buy
Vietnam,25610.0,VND,https://sbv.gov.vn/vi/t%E1%BB%B7-gi%C3%A1-tham-kh%E1%BA%A3o-gi%E1%BB%AFa-%C4%91%E1%BB%93ng-vi%E1%BB%87t-nam-v%C3%A0-c%C3%A1c-lo%E1%BA%A1i-ngo%E1%BA%A1i-t%E1%BB%87-t%E1%BA%A1i-c%E1%BB%A5c-qu%E1%BA%A3n-l%C3%BD-ngo%E1%BA%A1i-h%E1%BB%91i,2026-09-01,2026-09-02,SBV,"buy, sell"
Sri Lanka,327.8963,LKR,https://www.cbsl.gov.lk/en/rates-and-indicators/exchange-rates/daily-indicative-usd-spot-exchange-rates,2026-09-01,2026-09-02,Central Bank of Sri Lanka,only one(USD->LKR)
Egypt,50.93625,EGP,https://www.cbe.org.eg/en/economic-research/statistics/cbe-exchange-rates/historical-data,2026-09-01,2026-09-02,Central bank of Egypt (CBE),buy sell
Turkey,48.2519,TRY,https://www.tcmb.gov.tr/kurlar/202609/01092026.xml,2026-09-01,2026-09-02,Türkiye Cumhuriyet Merkez Bankası (TCMB),"Banknote(buy, sell)"
Indonesia,17746.0,IDR,https://www.bi.go.id/en/statistik/informasi-kurs/transaksi-bi/Default.aspx,2026-09-01,2026-09-02,"bank indonesia, bank sentral republik indonesia","buy, sell"
Bangladesh,122.925,BDT,https://www.bb.org.bd/en/index.php/econdata/exchangerate,2026-09-01,2026-09-02,Bangladesh Bank,"low, high (avg)"
Brunei,1.2735,dollar,https://www.imf.org/external/np/fin/data/rms_mth.aspx?SelectDate=2026-09-30&reportType=REP,2026-09-02,2026-09-03,IMF,Mid-point
China,6.7222,yuan,https://www.imf.org/external/np/fin/data/rms_mth.aspx?SelectDate=2026-09-30&reportType=REP,2026-09-02,2026-09-03,IMF,Mid-point
India,94.9701,rupee,https://www.imf.org/external/np/fin/data/rms_mth.aspx?SelectDate=2026-09-30&reportType=REP,2026-09-02,2026-09-03,IMF,Mid-point
Japan,160.25,yen,https://www.imf.org/external/np/fin/data/rms_mth.aspx?SelectDate=2026-09-30&reportType=REP,2026-09-02,2026-09-03,IMF,Mid-point
Malaysia,4.044,ringgit,https://www.imf.org/external/np/fin/data/rms_mth.aspx?SelectDate=2026-09-30&reportType=REP,2026-09-02,2026-09-03,IMF,Mid-point
Philippines,62.359,peso,https://www.imf.org/external/np/fin/data/rms_mth.aspx?SelectDate=2026-09-30&reportType=REP,2026-09-02,2026-09-03,IMF,Mid-point
Saudi Arabia,3.75,riyal,https://www.imf.org/external/np/fin/data/rms_mth.aspx?SelectDate=2026-09-30&reportType=REP,2026-09-02,2026-09-03,IMF,Mid-point
Singapore,1.2735,dollar,https://www.imf.org/external/np/fin/data/rms_mth.aspx?SelectDate=2026-09-30&reportType=REP,2026-09-02,2026-09-03,IMF,Mid-point
Thailand,33.323,baht,https://www.imf.org/external/np/fin/data/rms_mth.aspx?SelectDate=2026-09-30&reportType=REP,2026-09-02,2026-09-03,IMF,Mid-point
Hong Kong,784.075,HKD,https://www.hkab.org.hk/en/rates/exchange-rates,2026-09-02,2026-09-03,The Hong Kong Association of Banks,"buy, sell"
Cambodia,4047,KHR,https://www.tax.gov.kh/en/exchange-rate?for_year=2026&for_month=09,2026-09-02,2026-09-03,National Bank of Cambodia,Official Rate Riel
Lao,22411.0,LAK,https://www.bol.gov.la/en/ExchangRate,2026-09-02,2026-09-03,Bank of the lao P.D.R,"buy, sell"
Myanmar,2100.0,MMK,https://forex.cbm.gov.mm/index.php/fxrate/history,2026-09-02,2026-09-03,Central Bank of Myanmar,only one
Pakistan,277.6,PKR,https://www.nbp.com.pk/RateSheetFiles/NBP-RateSheet-02-09-2026.pdf,2026-09-02,2026-09-03,National Bank of Pakistan,buy
Vietnam,25610.0,VND,https://sbv.gov.vn/vi/t%E1%BB%B7-gi%C3%A1-tham-kh%E1%BA%A3o-gi%E1%BB%AFa-%C4%91%E1%BB%93ng-vi%E1%BB%87t-nam-v%C3%A0-c%C3%A1c-lo%E1%BA%A1i-ngo%E1%BA%A1i-t%E1%BB%87-t%E1%BA%A1i-c%E1%BB%A5c-qu%E1%BA%A3n-l%C3%BD-ngo%E1%BA%A1i-h%E1%BB%91i,2026-09-02,2026-09-03,SBV,"buy, sell"
Sri Lanka,328.0538,LKR,https://www.cbsl.gov.lk/en/rates-and-indicators/exchange-rates/daily-indicative-usd-spot-exchange-rates,2026-09-02,2026-09-03,Central Bank of Sri Lanka,only one(USD->LKR)
Egypt,51.1111,EGP,https://www.cbe.org.eg/en/economic-research/statistics/cbe-exchange-rates/historical-data,2026-09-02,2026-09-03,Central bank of Egypt (CBE),buy sell
Turkey,48.27025,TRY,https://www.tcmb.gov.tr/kurlar/202609/02092026.xml,2026-09-02,2026-09-03,Türkiye Cumhuriyet Merkez Bankası (TCMB),"Banknote(buy, sell)"
Indonesia,17727.0,IDR,https://www.bi.go.id/en/statistik/informasi-kurs/transaksi-bi/Default.aspx,2026-09-02,2026-09-03,"bank indonesia, bank sentral republik indonesia","buy, sell"
Bangladesh,122.725,BDT,https://www.bb.org.bd/en/index.php/econdata/exchangerate,2026-09-02,2026-09-03,Bangladesh Bank,"low, high (avg)"
